area_code,area_name,district,dong,lat,lon,area_size
3110055,황학동벼룩시장,중구,황학동,37.56987904492781,127.01858665039832,27575
3110008,배화여자대학교(박노수미술관),종로구,청운효자동,37.580309438352536,126.9670895683088,149264
3110009,자하문터널,종로구,부암동,37.595076378690685,126.96592808590958,178306
3110010,평창동서측,종로구,평창동,37.60936632114107,126.96674832970702,369415
3110017,정독도서관,종로구,가회동,37.583583539469174,126.98393465833044,83855
3110018,중앙고등학교,종로구,가회동,37.58276405131138,126.98735391827724,166872
3110019,창덕궁,종로구,종로1?2?3?4가동,37.575880806065335,126.9911927073349,40999
3110020,서울국제고등학교,종로구,혜화동,37.58827871837829,126.9954484333874,133692
3110001,이북5도청사,종로구,평창동,37.60951658051797,126.95766519329227,108529
3110002,독립문역 1번,종로구,무악동,37.57574723987454,126.95720886112564,31531
3110003,세검정초등학교,종로구,부암동,37.60355253658663,126.95910679987408,191570
3110004,대신고등학교,종로구,교남동,37.57318057632959,126.96057237511422,18781
3110035,동묘앞역 2번,종로구,숭인2동,37.57545610038485,127.01923329716882,95779
3110011,청운초등학교,종로구,청운효자동,37.58682400830492,126.96851328295918,26913
3110012,성곡미술관,종로구,사직동,37.57330931964528,126.96934533653334,124348
3110013,체부동홍종문가옥,종로구,사직동,37.5783640380782,126.96988666293326,17064
3110014,경복고등학교,종로구,청운효자동,37.58512189400342,126.97151428391328,63411
3110015,청와대사랑채,종로구,청운효자동,37.582157896694056,126.97265887241487,69399
3110016,평창동동측,종로구,평창동,37.61294536602926,126.9753885072359,522818
3110005,세검정,종로구,부암동,37.60092276960329,126.96249418113779,244923
3110006,부암동주민센터,종로구,부암동,37.591984983800906,126.96264586419525,91486
3110007,사직공원(한국사회과학도서관),종로구,사직동,37.573965793267824,126.96485097296461,80252
3110037,신설동역 12번,종로구,숭인2동,37.577978389479746,127.02206413216838,55232
3110038,경향신문사,중구,소공동,37.56688510789925,126.96890652578769,36893
3110039,회현역 1번,중구,회현동,37.55822906707704,126.98081640265393,9928
3110021,성균관대학교,종로구,혜화동,37.58353955150117,126.99727149747922,77655
3110022,경신고등학교,종로구,혜화동,37.587053452651496,126.99910555256606,60182
3110023,서울대병원,종로구,이화동,37.578935494743384,127.00157360371887,15969
3110024,혜화동주민센터,종로구,혜화동,37.587287706215974,127.00136998074275,52850
3110025,충신시장옆,종로구,종로5?6가동,37.57486293640551,127.00418850120057,39184
3110026,종로5가역 4번,종로구,종로5?6가동,37.57295277820339,127.00539963254758,16485
3110027,혜화역 1번,종로구,이화동,37.58211587382123,127.00573993541379,117673
3110028,이화달팽이길,종로구,이화동,37.57650264132745,127.0065092999959,159124
3110029,동대문역 1번,종로구,창신2동,37.576123929613566,127.01057331374025,153230
3110030,동대문역 3번,종로구,창신1동,37.57344783562387,127.01203322302788,9161
3110031,창신역 1번,종로구,창신3동,37.579376077698974,127.01469460184781,32878
3110032,수족관거리,종로구,창신1동,37.570474218010425,127.01495320377123,9323
3110033,창신역 4번,종로구,숭인1동,37.57760986925303,127.01665273399279,77869
3110034,창신1동주민센터,종로구,창신1동,37.57063611007315,127.01707000762674,29604
3110057,황학코아루아파트,중구,황학동,37.56630135637733,127.02278510211976,30230
3110058,성심여자고등학교,용산구,원효로2동,37.53271444536362,126.95416739258842,135620
3110059,새남터성지,용산구,이촌2동,37.52575028754142,126.95569888787642,56970
3110036,동묘앞역 3번,종로구,숭인2동,37.57305028574799,127.02018355835784,18431
3110040,중구회현체육센터(정화예술대남산캠퍼스),중구,회현동,37.55612994758037,126.98211844625749,76242
3110041,남산케이블카,중구,명동,37.5564006254871,126.98482325928379,130560
3110042,남산골공원옆,중구,필동,37.55658169774501,126.99507688426245,72607
3110043,충무초등학교,중구,장충동,37.560564203467166,127.00101862988308,110058
3110044,관성묘,중구,장충동,37.5612128786751,127.00332755313305,29575
3110045,동대문역사문화공원역 5번,중구,장충동,37.56238411905503,127.0049121791401,44820
3110046,버티고개,중구,다산동,37.55154507908497,127.0058168073455,58013
3110047,다산성곽길,중구,다산동,37.55500483313109,127.00723173486928,85386
3110048,장충동주민센터,중구,장충동,37.56099638199899,127.00847731320725,135606
3110049,장충단 고개,중구,다산동,37.557527410235856,127.01016325011474,70693
3110053,청구역 1번,중구,신당동,37.56191502489969,127.01265387519811,85550
3110054,청구역 3번,중구,청구동,37.55677927222771,127.0132867887912,69155
3110056,신당역 3번,중구,신당5동,37.562850872583056,127.02099573525913,129607
3110079,후암동주민센터,용산구,후암동,37.55010179303207,126.97920022239718,293041
3110080,해방촌예술마을,용산구,후암동,37.54732735816679,126.98322952776942,134562
3110081,해방촌 남동측,용산구,용산2가동,37.54411998050603,126.98454285856135,105010
3110050,약수역 7번,중구,약수동,37.55236472210246,127.00982304292711,34553
3110051,한양공고앞 교차로,중구,신당동,37.5637171567379,127.01128463101034,44893
3110052,장충초등학교,중구,다산동,37.55958143097188,127.01276666015386,68893
3110060,효창공원앞역 6번,용산구,용문동,37.53824821820554,126.9585767524867,94719
3110061,효창동주민센터,용산구,효창동,37.54211378231579,126.95936668628885,100249
3110062,한강로동땡땡거리(은행나무길),용산구,한강로동,37.524986638584856,126.96202315666443,132684
3110063,효창공원앞역 5번,용산구,용문동,37.53747472736998,126.96268438684383,110329
3110064,효창공원앞역 2번,용산구,효창동,37.54233151706997,126.96397191654081,131550
3110082,용산구청,용산구,이태원1동,37.53246171216063,126.99108467693513,71140
3110083,서빙고역 1번,용산구,서빙고동,37.52055952342269,126.99175350506796,58652
3110084,경리단길북측,용산구,이태원2동,37.54173302689627,126.9913551393898,225725
3110085,경리단길남측,용산구,이태원2동,37.53875974659307,126.99162703817964,181830
3110086,이태원역 북측,용산구,이태원1동,37.53679565632451,126.99301894331595,133757
3110065,남정초등학교,용산구,원효로1동,37.53644808379058,126.96429155222101,18065
3110066,서울역 15번,용산구,청파동,37.55314437161729,126.96694307959059,133737
3110067,배문고등학교,용산구,청파동,37.54909900636352,126.96736357210598,204936
3110068,남영역 1번,용산구,원효로1동,37.54062057647328,126.96726543215075,145312
3110069,숙대입구,용산구,청파동,37.545224851300794,126.9678744716527,173542
3110070,용산세무서,용산구,한강로동,37.52375408705928,126.96818911909422,8437
3110071,한강미주맨션아파트,용산구,이촌1동,37.52096086871952,126.96778306850037,27783
3110072,열정도,용산구,원효로1동,37.539026235143446,126.96885020857862,18090
3110073,삼각지역 3번,용산구,한강로동,37.53125152806751,126.97259826981191,41421
3110074,서울역 12번,용산구,남영동,37.551010804376816,126.97415273729469,105922
3110075,숙대입구역 1번,용산구,남영동,37.54693819857306,126.9737354497403,128905
3110076,삼각지역 14번,용산구,한강로동,37.53497306576242,126.97439587249721,8989
3110077,삼광초등학교,용산구,후암동,37.54847046930043,126.97645081947958,45797
3110078,이촌동점보아파트,용산구,이촌1동,37.51826924146273,126.97814575970818,14864
3110110,상왕십리역 6번,성동구,왕십리2동,37.56409284717007,127.02777595118324,51942
3110111,대현산장미원,성동구,응봉동,37.55255958190154,127.02983134596822,19485
3110087,이태원엔틱가구거리,용산구,이태원1동,37.53199339365142,126.99436573207079,52542
3110088,오산고등학교,용산구,서빙고동,37.525154870964045,126.99643648116178,96560
3110089,서빙고동주민센터,용산구,서빙고동,37.52201036621853,126.99624432190274,105979
3110090,한국폴리텍대학서울정수캠퍼스,용산구,보광동,37.52763264213135,126.99699070678436,97059
3110091,리움미술관,용산구,한남동,37.53692199149617,126.99837070687353,55141
3110092,NH농협은행 보광동지점,용산구,보광동,37.529047253229294,126.99988686653968,105153
3110093,우사단길,용산구,한남동,37.532326898187094,127.00027153219374,234768
3110094,오산중학교,용산구,보광동,37.52519095917811,127.00115390189413,21603
3110095,한강진역 3번,용산구,한남동,37.537426541732394,127.00224029314316,149192
3110096,한남힐사이드아파트,용산구,한남동,37.543328076010035,127.0029420309497,50068
3110097,한남초등학교,용산구,한남동,37.53776878739838,127.00606465965808,7814
3110098,서울독일학교,용산구,한남동,37.53609259101001,127.01077131857866,41414
3110099,유엔빌리지길,용산구,한남동,37.53441659338167,127.01217403299694,263187
3110100,옥수동우편취급국,성동구,옥수동,37.54088599319175,127.0098441670749,26060
3110101,옥정중학교,성동구,옥수동,37.54061543682533,127.01254843888394,23818
3110102,옥수역 6번,성동구,옥수동,37.54315582494073,127.01610192459853,34682
3110103,옥수터널,성동구,금호4가동,37.54578670080503,127.0164080190828,19057
3110104,신금호역 4번,성동구,금호2?3가동,37.55161558009325,127.02016645992701,66838
3110108,성동구립금호도서관,성동구,금호1가동,37.55432666209703,127.02498830324593,11778
3110109,금호삼성래미안아파트,성동구,금호1가동,37.55026289597211,127.02620913408614,29788
3110129,성원어린이공원,성동구,성수1가2동,37.550300173836135,127.05022288091031,70693
3110130,답십리역 6번,성동구,용답동,37.5655440920208,127.05241765359236,43065
3110131,성수동카페거리,성동구,성수2가1동,37.54260426552023,127.05336339732489,131865
3110132,성수2가3동주민센터,성동구,성수2가3동,37.54940654342987,127.05394538390803,76450
3110136,경수초등학교,성동구,성수2가1동,37.540573851759774,127.05995864535373,260628
3110105,금동어린이공원,성동구,금호2?3가동,37.549119199553864,127.02349280272007,69009
3110106,금북초등학교,성동구,금호1가동,37.55639010690916,127.02421940373985,21366
3110107,금호사거리,성동구,금호4가동,37.5471186877979,127.02492931657964,22191
3110112,행당역 2번,성동구,행당1동,37.559226552054376,127.03141851074179,68591
3110113,응봉산,성동구,응봉동,37.54877494821614,127.03152728660245,89115
3110114,왕십리파출소,성동구,왕십리도선동,37.567398588551626,127.03142194280784,27058
3110133,서울교통공사,성동구,용답동,37.56266796519802,127.05663741161975,80187
3110134,성수119안전센터,성동구,성수2가1동,37.53607018384361,127.05727352526394,222826
3110135,성동세무서,성동구,송정동,37.549358847126776,127.0594564430696,136762
3110115,상왕십리역 3번,성동구,왕십리도선동,37.56538929826772,127.03168143212821,80878
3110116,청계천박물관,성동구,마장동,37.57039789376655,127.03501151510875,98083
3110117,성동구보건소,성동구,마장동,37.567073116003144,127.03536085082358,49735
3110118,왕십리역 9번,성동구,행당1동,37.55783774584384,127.03587710019502,63575
3110119,마장지하차도,성동구,마장동,37.5667571253321,127.03744340594395,22524
3110120,서울숲카페거리,성동구,성수1가2동,37.54722229826109,127.04106609796341,34852
3110121,한양대역 4번,성동구,사근동,37.55677259819984,127.04186356587266,29267
3110122,마장역 2번,성동구,마장동,37.56782699467488,127.04414491255056,80335
3110123,마장역 3번,성동구,마장동,37.56668240119376,127.04501580273998,169553
3110124,뚝섬역교차로,성동구,성수1가2동,37.5500589042001,127.04527739974368,79596
3110125,사근동살곶이상점가,성동구,사근동,37.56101452557501,127.04658561903601,128923
3110126,서울숲역 1번,성동구,성수1가1동,37.54549034888927,127.04654200941053,18531
3110127,성수1가1동주민센터,성동구,성수1가1동,37.54156983482147,127.0494136424359,38774
3110128,성원중학교,성동구,성수1가1동,37.53816384184272,127.04992055728603,247340
3110157,자양동우체국,광진구,자양2동,37.52999274825613,127.08072173589979,115158
3110158,중곡3동주민센터,광진구,중곡3동,37.56872649117577,127.08097858537985,166799
3110159,구의역 4번,광진구,자양1동,37.534966184561476,127.0808515528512,210895
3110160,광진경찰서,광진구,구의1동,37.543758173937306,127.08339573336079,47848
3110137,성수초등학교,성동구,성수2가3동,37.54616776510738,127.06245263029955,330983
3110138,송정체육공원,성동구,송정동,37.550787295336974,127.06717551903371,102074
3110139,자양4동주민센터,광진구,자양4동,37.53512096389572,127.06347301482698,155861
3110140,건대입구역 6번,광진구,자양4동,37.538597604470354,127.06570497470408,179746
3110141,건대입구역 1번,광진구,화양동,37.5431472456419,127.06643315762537,67458
3110142,화양사거리,광진구,화양동,37.54629972809252,127.06821255940088,116892
3110144,어린이대공원역 4번,광진구,화양동,37.54617139278924,127.07191275197118,42830
3110145,장안초등학교,광진구,군자동,37.548936930148834,127.07277545132337,14956
3110146,신자초등학교,광진구,자양3동,37.531520314025855,127.07324501528619,106885
3110147,능동우편취급국,광진구,군자동,37.556180330789886,127.07377843003759,157029
3110148,어린이대공원역 3번,광진구,화양동,37.545331218019335,127.07551037056552,45757
3110149,세종대학교,광진구,군자동,37.55252076660446,127.07616268636023,45957
3110150,중곡1동 마을마당,광진구,중곡1동,37.56142224668868,127.0767376585975,159510
3110151,자양한강도서관,광진구,자양2동,37.531139452835596,127.07707997341757,107574
3110152,중곡어린이공원,광진구,중곡1동,37.56488120178216,127.07806550149179,50806
3110153,중곡1동주민센터,광진구,중곡1동,37.56048342937615,127.0794304023093,50068
3110156,군자역 5번,광진구,능동,37.55374327045005,127.08046441912305,153696
3110174,아차산역 1번,광진구,중곡4동,37.55541144781092,127.0910365963174,103458
3110175,푸른동산공원,광진구,구의3동,37.541166562279685,127.0911663709489,96115
3110178,장로회신학대학교,광진구,광장동,37.548013069290455,127.1034188452257,45933
3110179,광나루역 1번,광진구,광장동,37.54613015293001,127.10322387327058,42085
3110154,광진정말공원,광진구,자양1동,37.53307535534298,127.07897139566221,102102
3110155,광진구청,광진구,자양1동,37.53819282960434,127.07928228984191,97314
3110161,중곡역 3번,광진구,중곡3동,37.56810291017622,127.08369452966215,141901
3110162,군자역 4번,광진구,중곡2동,37.55806645047751,127.08278920214391,70945
3110143,뚝섬유원지역 1번,광진구,자양3동,37.533874724206946,127.06858591973413,8061
3110176,해오름공원,광진구,중곡4동,37.557816247579865,127.09214865556346,135318
3110177,동의초등학교,광진구,구의2동,37.55244391167489,127.09516364702064,29079
3110163,성자초등학교,광진구,자양2동,37.53069298250582,127.08436546700541,66483
3110164,아차산역 5번,광진구,능동,37.55325338910614,127.08522834987414,85050
3110165,국립정신건강센터,광진구,중곡2동,37.56214586200675,127.08573648594626,95687
3110166,구의1동주민센터,광진구,구의1동,37.54099058656442,127.08551989838477,131620
3110167,용마초등학교,광진구,중곡2동,37.557956025147156,127.08601462792421,154354
3110168,대원고등학교,광진구,중곡4동,37.563261633023764,127.0877298231472,58514
3110169,성동초등학교,광진구,자양2동,37.532573346901124,127.08810116387241,75500
3110170,동대부여고,광진구,구의1동,37.54176314249194,127.08864379358764,120727
3110171,중곡4동주민센터,광진구,중곡4동,37.55980069876591,127.08920842188094,47879
3110172,광진초등학교,광진구,구의2동,37.5470873761971,127.08953275126271,95499
3110173,구남초등학교,광진구,구의3동,37.53546343842295,127.09089919867607,49267
3110180,광진정보도서관,광진구,광장동,37.54899935681124,127.10877284422423,74699
3110181,신설동역 9번,동대문구,용신동,37.57225595717022,127.02739410669473,141747
3110182,용두희망어린이공원,동대문구,용신동,37.580509065315326,127.02739713026659,59118
3110183,한국의류시험연구원,동대문구,용신동,37.577977053366055,127.0283245035762,43441
3110206,텃골근린공원,동대문구,전농1동,37.57905927730038,127.05182711868238,100623
3110207,시립대앞사거리,동대문구,전농1동,37.5840055457555,127.05224944885282,29327
3110208,시조사삼거리,동대문구,회기동,37.58809591637845,127.05255800941232,42223
3110209,답십리 장령당공원,동대문구,답십리1동,37.569986179498024,127.05201326325202,27972
3110184,용두사거리,동대문구,용신동,37.576598215552956,127.02961452237629,24379
3110185,용두초등학교,동대문구,용신동,37.57449895224492,127.0293986069025,28847
3110186,종암초등학교,동대문구,제기동,37.58187782946985,127.03044307101194,22890
3110187,제기동역 6번,동대문구,용신동,37.576083873726574,127.03255763774018,159981
3110188,용두동신동아아파트,동대문구,용신동,37.57211950664692,127.0325219523249,152517
3110189,제기동역 1번,동대문구,제기동,37.579786741268464,127.03334040032198,88499
3110190,고대앞사거리,동대문구,제기동,37.58501225661796,127.03420318826822,101416
3110195,동대문구청,동대문구,용신동,37.57615342395652,127.04070840517555,115383
3110196,홍릉근린공원,동대문구,청량리동,37.587758100801,127.04105439111026,37314
3110197,세종대왕기념관교차로,동대문구,청량리동,37.590704254569566,127.04131643081573,24771
3110198,동대문중앙새마을금고본점,동대문구,제기동,37.58246880047867,127.04238741447575,16140
3110199,홍릉시장,동대문구,제기동,37.58473921335796,127.04263778068552,69877
3110200,동대문경찰서,동대문구,청량리동,37.585180052932714,127.04439291652311,35357
3110201,전농119안전센터,동대문구,전농1동,37.575962216316256,127.04614211184621,24149
3110202,전농1동주민센터(전농시장),동대문구,전농1동,37.57711496364349,127.04746733493131,29821
3110203,떡전교사거리,동대문구,청량리동,37.58492619031006,127.04842332523857,46180
3110191,고려대역 6번,동대문구,제기동,37.58771469603436,127.03601597985491,79173
3110192,동의보감타워,동대문구,용신동,37.577289770260045,127.03740339685274,33231
3110193,고려대역 4번,동대문구,제기동,37.58989458516887,127.03765879988195,67780
3110194,홍파초등학교,동대문구,제기동,37.584595916352306,127.04018087997777,87946
3110204,간데메공원,동대문구,답십리1동,37.573518572379605,127.05088371301225,122554
3110205,경희대삼거리,동대문구,회기동,37.59099765389255,127.0513258738915,88816
3110228,장안근린공원,동대문구,장안2동,37.5758335619501,127.0696432221665,177937
3110229,장평중학교,동대문구,장안1동,37.56456190380795,127.06999492654315,205648
3110230,장안현대홈타운1차아파트,동대문구,장안2동,37.56900286007882,127.07158379588344,79796
3110231,장안교,동대문구,장안2동,37.58086788021461,127.07333861604,8256
3110232,동대부고,동대문구,장안2동,37.57729986232034,127.07347096415802,104535
3110223,군자초등학교,동대문구,장안1동,37.56389003637337,127.06311258247126,43581
3110224,외대앞역 2번,동대문구,휘경1동,37.59425330406559,127.06353452878629,45770
3110225,촬영소사거리,동대문구,답십리2동,37.569647147721206,127.06358153868928,54806
3110210,서울시립대,동대문구,전농1동,37.585617460347805,127.05416397669767,110970
3110211,전곡마을마당공원,동대문구,전농1동,37.5798238453243,127.05465790447084,126403
3110212,답십리초등학교,동대문구,답십리1동,37.570011170999635,127.05645053947013,80982
3110213,청량초등학교,동대문구,이문1동,37.59303145545398,127.05666041481288,35455
3110214,경희대후문,동대문구,이문1동,37.597518483440886,127.056471314137,79862
3110215,회기역 1번,동대문구,휘경1동,37.59131873274638,127.05838017647953,51478
3110216,전농중학교,동대문구,전농2동,37.578903054198335,127.0583704812324,65069
3110217,자동차부품상가,동대문구,답십리2동,37.56520764897778,127.05893705293438,56649
3110218,답십리사거리,동대문구,답십리2동,37.57059598801341,127.05816024441098,82160
3110219,삼육보건대학교,동대문구,휘경2동,37.587713860831755,127.06017759350853,179445
3110220,외대앞역 1번,동대문구,이문1동,37.59521860885541,127.06118009171786,98625
3110221,의릉,성북구,석관동,37.60398528040109,127.06111932250863,47130
3110222,회기역 2번,동대문구,휘경1동,37.59062340568325,127.06145939648698,10334
3110226,장안1동주민센터,동대문구,장안1동,37.568960725192056,127.06660322921046,285861
3110227,답십리공원,동대문구,답십리2동,37.57615943992586,127.06701717715495,55458
3110254,오거리공원,중랑구,면목7동,37.57668988738031,127.08299094516109,165615
3110255,상봉역 4번,중랑구,상봉2동,37.593691768235416,127.0827833599205,191245
3110233,중랑역 1번,중랑구,중화2동,37.59596815056542,127.07391960683593,124330
3110234,중랑역 4번,중랑구,중화2동,37.59382397632805,127.07362308419515,58421
3110235,세화어린이공원,중랑구,중화2동,37.598553522824396,127.07466953919862,32631
3110236,신묵초등학교,중랑구,묵2동,37.60887870447146,127.07492901956759,180650
3110237,메가박스 상봉,중랑구,면목2동,37.591408615387756,127.07474165969481,124410
3110238,배꽃어린이공원,중랑구,중화2동,37.603706651767816,127.07551271298087,29174
3110239,중랑역 2번,중랑구,중화2동,37.596236751201715,127.07658089696211,10368
3110243,중랑노인종합복지관,중랑구,면목2동,37.58811789372318,127.0779878628827,128302
3110244,중화역 4번,중랑구,중화2동,37.60341653482143,127.07827562121437,63066
3110245,KB국민은행 중화동지점,중랑구,중화2동,37.597082244039925,127.0787672252466,62374
3110246,월드순복음교회,중랑구,상봉2동,37.59302767228922,127.07893279696668,87353
3110247,먹골역 1번,중랑구,묵1동,37.610200308625146,127.07929071096504,148439
3110248,먹골파출소,중랑구,묵1동,37.61523601878214,127.08049665488883,37643
3110249,중화역 1번,중랑구,중화1동,37.60427126674587,127.08007714819284,170317
3110250,화랑대역 7번,중랑구,묵1동,37.61775786420861,127.08183593250513,39367
3110240,태릉시장 특화거리,중랑구,중화2동,37.598056612126726,127.07679791399993,45536
3110241,먹골역 5번,중랑구,묵2동,37.60822843634927,127.07734066163741,99076
3110242,면목5동주민센터,중랑구,면목5동,37.58466695176947,127.07819937597111,105010
3110251,장안중학교,중랑구,중화1동,37.59968387623888,127.08204261261062,90556
3110252,장안제일시장,중랑구,면목5동,37.58527730400473,127.0816305342528,121544
3110253,중곡초등학교,중랑구,면목4동,37.57314927575237,127.08256817561062,86503
3110277,러스크서울병원,중랑구,망우본동,37.598874850037376,127.10268520613624,118173
3110278,망우본동주민센터,중랑구,망우본동,37.60150500683647,127.10352681954076,137523
3110272,신내1동주민센터,중랑구,신내1동,37.60615847906632,127.09842568909319,146352
3110273,장스여성병원,중랑구,신내1동,37.600581092452465,127.09873541769939,69230
3110256,면목2동체육관,중랑구,면목2동,37.589871676851374,127.0826206130532,221861
3110257,상봉역 7번,중랑구,상봉1동,37.598699074518215,127.08586900294162,114328
3110258,면동초등학교,중랑구,면목본동,37.58630144712347,127.08584343751289,111432
3110259,사가정역 1번,중랑구,면목3?8동,37.58226481234182,127.08609919438236,86298
3110260,면목역 3번,중랑구,면목본동,37.58958078442301,127.08622084620522,65941
3110261,사가정역 4번,중랑구,면목7동,37.57810062863918,127.08825666448381,109503
3110262,상봉역 3번,중랑구,상봉2동,37.5943810926847,127.08888734246219,121975
3110263,면목역 1번,중랑구,면목본동,37.591785519116776,127.08983537331045,152104
3110264,면목역 2번,중랑구,면목본동,37.58726118530816,127.09159619054651,216948
3110265,망우역 1번,중랑구,상봉1동,37.59935166722568,127.0926528164819,164846
3110266,면목동우체국,중랑구,면목3?8동,37.5831706467708,127.09163646470414,114047
3110267,망우역 2번,중랑구,상봉1동,37.60077772897528,127.08941586511447,125682
3110268,망우3동주민센터,중랑구,망우3동,37.591844991057506,127.09444384127862,71237
3110269,용마문화복지센터,중랑구,면목3?8동,37.5882316079015,127.09494877873335,50066
3110270,혜원여고,중랑구,망우3동,37.59177960411285,127.09729711212769,35644
3110271,신내역 1번,중랑구,신내1동,37.615555346402026,127.0989590897488,112596
3110274,서일대학교,중랑구,면목3?8동,37.58956195338932,127.09875482708568,164098
3110275,하나은행 망우동지점,중랑구,망우본동,37.59829174113321,127.0997288883947,35477
3110276,신내IC북측,중랑구,신내1동,37.61829148719481,127.10231546366488,118914
3110320,KB국민은행 종암동지점,성북구,종암동,37.59493135476554,127.03694796929915,52907
3110321,동덕여대,성북구,월곡1동,37.607129587149025,127.04054407836352,8750
3110322,장위1동주민센터,성북구,장위1동,37.61519300306757,127.04179435821293,84262
3110323,상월곡역 1번,성북구,월곡2동,37.60582166835598,127.04465432991722,83644
3110279,신내역 2번,중랑구,신내1동,37.61290451995758,127.11123299633104,481217
3110280,북정마을,성북구,성북동,37.59317078671974,126.99019424206371,151078
3110281,길상사,성북구,성북동,37.597531843936665,126.99406637755725,244583
3110282,국민대학교앞,성북구,정릉3동,37.607866347041465,126.99879952100844,69438
3110283,성북초등학교앞,성북구,성북동,37.59272970611246,126.99933194422123,42242
3110284,정릉북한산국립공원입구,성북구,정릉4동,37.6185971259526,126.99904854031827,57402
3110285,홍대부중,성북구,성북동,37.5941893066819,127.00138143045521,90071
3110286,한성대입구역 5번,성북구,성북동,37.58981045467751,127.00302311738922,112177
3110287,정릉3동주민센터,성북구,정릉3동,37.609343919599404,127.00364681020984,60168
3110288,동구여중,성북구,성북동,37.59111681326029,127.00529903995135,82760
3110289,북한산보국문역 2번,성북구,정릉3동,37.60894733639277,127.00694249312983,162270
3110290,북한산보국문역 1번,성북구,정릉4동,37.61339808159277,127.00902691154116,45706
3110298,솔숲어린이공원,성북구,정릉1동,37.60450462764689,127.0156168492766,37902
3110299,정릉역 1번,성북구,정릉1동,37.601900428770385,127.01798309800381,140910
3110300,삼선동주민센터,성북구,안암동,37.58927728633153,127.01956520434038,155662
3110301,성신여대입구역 7번,성북구,동선동,37.59585472017823,127.01836664037195,107374
3110302,보문역 8번,성북구,보문동,37.58356504559915,127.01923538316017,67532
3110303,성신여대입구역 1번,성북구,동선동,37.59415138795524,127.02110643481099,109299
3110304,보문역 4번,성북구,안암동,37.58691644266694,127.02097984870431,93288
3110305,보문역 5번,성북구,안암동,37.58440245928824,127.02214528008177,147424
3110306,미아초등학교,성북구,길음1동,37.6085309312644,127.02254882002873,32625
3110307,길음역 7번,성북구,길음1동,37.60415200470216,127.02314770784841,55213
3110308,길음역 8번,성북구,길음2동,37.607269174073934,127.02441709427482,84969
3110309,대광초등학교,성북구,안암동,37.58097819555142,127.02461228720487,72678
3110291,한성대입구역 3번,성북구,삼선동,37.58566550742506,127.00995195817097,175682
3110292,정릉역 2번,성북구,정릉2동,37.60420779405496,127.01129074465919,21672
3110293,삼선중학교,성북구,성북동,37.59134172158123,127.01040562471103,79830
3110294,서경대학교,성북구,정릉4동,37.61092006857486,127.01227709840207,193247
3110295,정릉우체국,성북구,정릉2동,37.606910650147945,127.01242366605265,153101
3110296,성신여대입구역 4번,성북구,동선동,37.59370183429791,127.01493520393063,59460
3110297,경동고등학교,성북구,삼선동,37.58820587280734,127.01419815660745,167263
3110310,길음역 10번,성북구,길음2동,37.604340540516574,127.02635266731652,21941
3110311,종암아이파크2차후문,성북구,종암동,37.59865480140486,127.0284569029531,26270
3110312,안암역 2번,성북구,안암동,37.58868967882518,127.0290871611702,85118
3110313,안암역 3번,성북구,안암동,37.58398634417268,127.02969670042593,82289
3110314,종암경찰서,성북구,종암동,37.60114052292244,127.03238736566581,84094
3110315,종암아이파크2차,성북구,종암동,37.597328993153944,127.03359734683603,92801
3110316,숭곡초등학교,성북구,월곡1동,37.60814966101142,127.03438366024915,180619
3110317,종암중학교,성북구,종암동,37.59327436938832,127.03416167700084,91409
3110318,KT월곡지사,성북구,월곡1동,37.60366255226507,127.03499312523303,76869
3110319,종암동주민센터,성북구,종암동,37.59923839992779,127.03595359013545,98376
3110353,수유동우체국,강북구,수유2동,37.6462202452816,127.0161921338146,75187
3110354,삼각산119안전센터,강북구,삼각산동,37.61992037016402,127.01691136280665,17571
3110347,구세군강북종합사회복지관,강북구,삼양동,37.625795244156954,127.0135256237899,32980
3110348,강북문화예술회관,강북구,인수동,37.64216601575762,127.01467296968984,122433
3110349,화계역 2번,강북구,수유1동,37.63321923019276,127.01470519772923,26807
3110324,월곡역 4번,성북구,월곡2동,37.60547831423583,127.04716825479821,26587
3110325,장곡초등학교,성북구,장위1동,37.6169032997047,127.04604280668192,104685
3110326,장위동성당,성북구,장위1동,37.612316571314174,127.04779550055447,45509
3110327,상월곡역 2번,성북구,장위2동,37.60873878305574,127.049877085475,117350
3110328,상월곡역 3번,성북구,석관동,37.606404785549785,127.05089478154424,88297
3110329,우리은행체육관,성북구,장위2동,37.61627862322277,127.05316682029753,88610
3110330,돌곶이역 1번,성북구,장위2동,37.61062895729644,127.05419343609921,72476
3110331,돌곶이역 8번,성북구,석관동,37.6084019827491,127.05743087131309,105931
3110332,돌곶이역 3번,성북구,장위2동,37.61243780519847,127.05866850498415,34428
3110333,돌곶이역 5번,성북구,석관동,37.60947324115329,127.0592890795929,67373
3110334,석관중앙교회,성북구,석관동,37.608038984981924,127.0625496269382,84276
3110335,석계역 7번,성북구,석관동,37.612849524067954,127.06393543121227,140761
3110336,석관고등학교,성북구,석관동,37.610046998999536,127.0647598010375,62554
3110337,아카데미하우스,강북구,인수동,37.64489669765556,127.00708180832324,120638
3110338,인수초등학교,강북구,인수동,37.64129254908437,127.0100046954134,99103
3110339,국립4.19민주묘지,강북구,우이동,37.64755436460286,127.01027748641563,12372
3110340,인수중학교,강북구,인수동,37.644301920321155,127.00896266514627,50149
3110341,북한산우이역 2번,강북구,우이동,37.66188906345276,127.00946345210346,140183
3110342,국립재활원,강북구,인수동,37.63706672227932,127.01221342106832,62499
3110343,무너미어린이공원,강북구,우이동,37.644878286044325,127.0119427585941,105257
3110344,화계중학교,강북구,수유1동,37.63280503139888,127.01249594998643,38830
3110366,광산사거리,강북구,수유3동,37.64358795179582,127.02444030791094,57563
3110345,솔밭공원역 2번,강북구,우이동,37.65729376201776,127.01261338082156,103855
3110346,4.19민주묘지역 2번,강북구,우이동,37.64943719463744,127.01260072039511,60794
3110350,가오리역 2번,강북구,인수동,37.63947200306674,127.01521628317677,75348
3110351,수유북부시장옆,강북구,인수동,37.63627345900942,127.01557817756292,78839
3110352,수유1동주민센터,강북구,수유1동,37.6301286649574,127.01610934145873,134108
3110371,삼양입구사거리,강북구,송천동,37.616431492759304,127.02776142881001,62809
3110372,강북중학교,강북구,수유3동,37.643190633332985,127.0283945689594,82483
3110355,삼양사거리역 2번,강북구,삼양동,37.621596021966724,127.01815775151192,101492
3110356,덕수교,강북구,수유2동,37.64821112137031,127.01823221742598,102062
3110357,가오리역 1번,강북구,수유2동,37.643417950047436,127.01782314180417,47879
3110360,수유초등학교,강북구,수유1동,37.63250662510774,127.02027893106107,106526
3110361,삼양사거리역 1번,강북구,송천동,37.620856567278494,127.02195219826604,74852
3110362,우이천 계성교,강북구,수유2동,37.64631836570309,127.02225429849477,142902
3110363,송천동주민센터,강북구,송천동,37.61804533523575,127.02274424891579,26098
3110364,미아역 8번,강북구,미아동,37.62728941870225,127.02298495804368,127150
3110365,미아역 5번,강북구,미아동,37.623703424347134,127.02332368413528,115228
3110358,인수동 우편취급국,강북구,수유3동,37.63589449602717,127.01929418298732,111455
3110359,수유시장옆,강북구,수유3동,37.63881357448498,127.01997473599367,135413
3110367,강북구청,강북구,수유3동,37.64075898169978,127.02385020735761,63938
3110368,송천초등학교,강북구,송천동,37.61467534388805,127.02422696852264,105075
3110369,성신여대운정그린캠퍼스,강북구,미아동,37.633154257577395,127.02579638357507,133932
3110370,도봉세무서,강북구,송천동,37.61866612696216,127.0269693758849,108984
3110396,쌍문역1번(쌍리단길),도봉구,창1동,37.64828798329227,127.03646447195635,52971
3110397,도봉산입구,도봉구,도봉1동,37.684497981920416,127.03777459924743,542024
3110398,쌍문2동우체국,도봉구,쌍문2동,37.65489197467414,127.03714764587913,102318
3110399,창2동주민센터,도봉구,창2동,37.64157479754697,127.03913516200645,161205
3110390,방학초등학교,도봉구,방학2동,37.66294826180096,127.0319948557538,61821
3110391,샘말어린이공원,도봉구,방학2동,37.66943498973113,127.03319911031681,245401
3110392,발바닥공원,도봉구,쌍문4동,37.659380273733284,127.03236731659005,10355
3110393,국민은행방학지점,도봉구,방학3동,37.66212802425333,127.03324118997118,21358
3110373,수유역 2번,강북구,번1동,37.63691069400108,127.02870941001596,84732
3110374,송중초등학교,강북구,송중동,37.619827487687004,127.0307077341858,204374
3110375,서울북부고용노동지청,강북구,번2동,37.63440519237551,127.03168805185044,58262
3110376,수송초등학교,강북구,번1동,37.63939671921139,127.03142958043486,208928
3110377,미아사거리역 3번,강북구,송중동,37.61135750702981,127.03325255681031,35635
3110378,송중동주민센터,강북구,송중동,37.61465474806964,127.0345678760869,53154
3110379,KTNG 북부지사,강북구,번1동,37.635341092364456,127.0356310949828,32184
3110380,강북문화정보도서관,강북구,번2동,37.6273762328044,127.03610307823747,40504
3110381,번동주공2단지,강북구,번3동,37.628022144194425,127.04431643020384,50484
3110382,솔밭공원역 1번,도봉구,쌍문1동,37.6558610511858,127.01393904788436,40166
3110383,덕성여대시반거리,도봉구,쌍문1동,37.6514192269792,127.0137682393538,43039
3110384,문이교,도봉구,쌍문1동,37.659131301166084,127.01638759942797,108209
3110780,신길대성유니드아파트,영등포구,신길5동,37.50210357784792,126.90314734322918,87225
3110781,대림한신아파트,영등포구,대림1동,37.4943552577109,126.90355313361495,84160
3110782,영등포시장역 4번,영등포구,영등포동,37.52208833275841,126.90374369195808,30037
3110783,영등포시장역 1번,영등포구,영등포동,37.52478265777165,126.90414748748984,49012
3110385,효문고등학교,도봉구,쌍문1동,37.65443688167908,127.0184377217192,96072
3110386,연산군묘,도봉구,방학3동,37.66094100470592,127.02383399587633,16363
3110387,쌍문초등학교,도봉구,쌍문1동,37.650408392580964,127.02446520633931,143845
3110388,도봉우체국,도봉구,쌍문3동,37.6475509095685,127.03034521174627,55371
3110389,한일병원,도봉구,쌍문3동,37.64433448769299,127.02999264822587,52890
3110394,방학중학교,도봉구,방학2동,37.66664136923422,127.03520401893273,157817
3110395,신한은행 방학동지점,도봉구,방학1동,37.663820914071266,127.03647206897575,52472
3110430,중계초등학교,노원구,중계4동,37.65738803037677,127.07451309787947,11185
3110431,상계역,노원구,중계4동,37.660775854840864,127.07430115109656,55707
3110480,연신내역 3번,은평구,불광1동,37.617798543317264,126.92515264438029,77808
3110481,불광역 7번,은평구,대조동,37.61225839319223,126.92663056899477,88375
3110455,역촌노인복지관,은평구,역촌동,37.60345508523692,126.91247213883027,155405
3110456,구산보건지소,은평구,구산동,37.60779823704551,126.91298801162269,170875
3110457,예일여고,은평구,구산동,37.61171760289346,126.91307405227352,93412
3110505,홍남교남측,서대문구,연희동,37.573748884900745,126.92484582926642,21259
3110506,연희임광아파트,서대문구,연희동,37.56585683690044,126.92590641707551,25732
3110483,연천초등학교,은평구,불광1동,37.6202323372639,126.92695122086197,67748
3110484,역촌역 3번,은평구,녹번동,37.606267078274556,126.92705548022388,191591
3110470,신진과학기술고등학교,은평구,응암1동,37.59722490823318,126.91902451113432,34929
3110471,응암동우체국,은평구,응암2동,37.59134163214491,126.91931395497885,123744
3110517,서대문소방서,서대문구,연희동,37.57363862085193,126.93653958895476,63408
3110518,서대문구청,서대문구,연희동,37.57708047890787,126.93664987416368,49879
3110491,불광중학교,은평구,불광2동,37.6242109202581,126.93595288951646,300653
3110492,하나고등학교,은평구,진관동,37.6402679121759,126.93863569243504,133323
3110493,북가좌초등학교,서대문구,북가좌1동,37.576086730512685,126.90568926896994,44322
3110507,명지대학교,서대문구,홍은2동,37.57877697431512,126.92570116141647,176999
3110508,서연중학교,서대문구,연희동,37.569750126255514,126.92749860967065,171649
3110534,경기대학교,서대문구,충현동,37.56418852067717,126.9602149175942,71787
3110535,영천시장입구,서대문구,천연동,37.5693423790947,126.96069891221296,34671
3110519,서대문구보건소별관,서대문구,홍제1동,37.58543291549372,126.93707302774948,115619
3110520,경의중앙 신촌역,서대문구,신촌동,37.557783235879384,126.94066135843539,60585
3110566,경의선책거리,마포구,서교동,37.55625383061659,126.92853025842084,156743
3110542,마포구청역 7번,마포구,망원2동,37.56111822776653,126.90204104660744,123656
3110543,중암중학교,마포구,성산2동,37.57324632499679,126.9028854848608,21216
3110544,망리단길,마포구,망원1동,37.5549489373919,126.90515005082226,311648
3110545,마포구청역 1번,마포구,성산2동,37.56521059324549,126.90428813099334,87346
3110584,아현역 4번,마포구,아현동,37.5570680790553,126.95321312146886,14177
3110553,가좌역 2번,마포구,성산2동,37.568080922063466,126.91088357719615,83965
3110554,망원역 1번,마포구,서교동,37.55635122932939,126.91259516798064,126268
3110555,홍익지구대,마포구,서교동,37.55338666479528,126.91221385162399,21035
3110580,양원초등학교,마포구,대흥동,37.553244292992865,126.94496541784541,39360
3110581,염리초등학교,마포구,용강동,37.54337017609082,126.94677184287136,13748
3110582,이대역 5번,마포구,염리동,37.55532650355734,126.94694441696997,53599
3110583,공덕래미안3차아파트,마포구,아현동,37.548805708899394,126.95266378611491,7972
3110567,광흥창역 6번,마포구,서강동,37.54720797282898,126.92879916577456,21814
3110568,광흥창역 1번,마포구,서강동,37.54906551042876,126.93129831639104,25225
3110421,석계역 1번,노원구,월계1동,37.61582322373724,127.06312247081314,69794
3110422,노원역 9번,노원구,상계10동,37.65916053762221,127.06323847595549,35324
3110585,마포경찰서,마포구,아현동,37.55079752190501,126.95420158838736,18216
3110586,서울서부지방법원,마포구,공덕동,37.54951898566206,126.95653355702899,132139
3110587,공덕동주민센터,마포구,공덕동,37.548411398286284,126.95831085477153,76629
3110447,구산초등학교,은평구,구산동,37.61352413877604,126.90722766750562,36415
3110448,상신초등학교입구,은평구,신사2동,37.596441345078325,126.90719226269528,61765
3110409,창동역 2번,도봉구,창5동,37.65508805919096,127.0433919186031,77642
3110410,방학역 2번,도봉구,방학1동,37.66910685916636,127.04464688230316,130951
3110411,도봉역 3번,도봉구,도봉2동,37.67577370338089,127.04570508633525,90321
3110412,창동중학교,도봉구,창4동,37.66163639005471,127.04805377216908,21146
3110436,상계제일중학교,노원구,중계4동,37.65887376780937,127.07589721053684,41545
3110437,당고개역 2번,노원구,상계3?4동,37.667278815856335,127.07759457818734,83701
3110438,경춘선숲길 우측,노원구,공릉2동,37.625932128128525,127.07843516211,100071
3110423,석계역 2번,노원구,월계1동,37.61705668079721,127.06477720668221,58165
3110472,연신내역 4번,은평구,대조동,37.61572337254678,126.92071475120335,134157
3110473,구산역 1번,은평구,대조동,37.6127051698786,126.92087651968289,185580
3110449,증산역 3번,은평구,증산동,37.5834218710177,126.90701596105264,154127
3110494,증산3교남측,서대문구,북가좌1동,37.57903341964468,126.90624027652729,32244
3110495,북가좌2동주민센터,서대문구,북가좌2동,37.58116239385515,126.90961133135289,183812
3110560,마포FM,마포구,연남동,37.56012152556119,126.91836296409225,60230
3110561,상수역 4번,마포구,서강동,37.546302023566135,126.92101465340832,81410
3111078,굽은다리역 4번,강동구,길동,37.54284297310578,127.14473562941309,207328
3110485,연신내우체국,은평구,불광2동,37.621729410539494,126.92930584981418,103329
3110486,은평구청,은평구,녹번동,37.60248349984441,126.92799910442115,63348
3110487,불광역 8번,은평구,불광1동,37.61198104277285,126.92984739569634,23276
3110521,홍제역 4번,서대문구,홍제1동,37.588490068182864,126.9425391420921,30428
3110522,홍제역 3번,서대문구,홍제1동,37.586418669830934,126.94438622395559,37420
3110523,홍제성원아파트,서대문구,홍제1동,37.58380559833459,126.94398058936544,14283
3110524,연희세브란스병원,서대문구,신촌동,37.56422712984893,126.94428953833814,30580
3110496,모래내우체국,서대문구,북가좌2동,37.578974710278885,126.91190079630103,69544
3110546,양화대교북단,마포구,합정동,37.55015602400467,126.90564273562002,102440
3110547,KB국민은행 망원동지점,마포구,망원2동,37.559508222945176,126.90544985616542,72666
3110458,선일여고,은평구,갈현2동,37.621187568877325,126.9138672649344,118649
3110459,응암역 2번,은평구,신사1동,37.59958162306841,126.91355245804971,104660
3110460,구산역 4번,은평구,갈현2동,37.614521102015296,126.91503023530422,149102
3110536,돈의문센트레빌아파트입구,서대문구,충현동,37.566027675786486,126.963700171686,21586
3110537,충정로현대아파트,서대문구,충현동,37.563225536204584,126.96356570918097,52786
3110538,충정로역 3번,서대문구,충현동,37.56078418639621,126.96472134857186,16657
3110539,미근동,서대문구,충현동,37.563559941789265,126.96709693781519,48052
3110525,홍은종합사회복지관,서대문구,홍은1동,37.5950329139456,126.94602169615612,35519
3110569,홍대땡땡거리,마포구,서강동,37.55463408799679,126.93200618899284,84934
3110570,KB국민은행 서강지점,마포구,신수동,37.54413915657821,126.93502567773919,24575
3110548,마포구청역 4번,마포구,성산1동,37.56220279564018,126.90619346235019,113289
3110400,도봉구보건소,도봉구,쌍문2동,37.6590088057298,127.03917831065678,123299
3110401,도봉구민회관,도봉구,창5동,37.655008347922056,127.03947085180751,44767
3110414,장석교회,노원구,월계1동,37.6238383071051,127.05227731602453,68483
3110415,수락산역 4번,노원구,상계1동,37.67578860179999,127.05315257704137,197508
3110461,새절역 2번,은평구,응암3동,37.590590887541644,126.91514802943944,33922
3110588,한겨레신문사,마포구,공덕동,37.54779032700743,126.96009915669201,72183
3110589,애오개역 3번,마포구,공덕동,37.55373704037376,126.96046944995787,31214
3110571,신수동주민센터,마포구,신수동,37.54555441508926,126.93629182332131,75550
3110572,서강대역 1번,마포구,신수동,37.55050130200841,126.93704582425697,148225
3110424,상계초등학교,노원구,상계2동,37.65878876746218,127.06751070252072,75911
3110402,도봉구 정병원,도봉구,방학1동,37.6617477362968,127.03933841839088,118386
3110403,방학1동주민센터,도봉구,방학1동,37.66485586862868,127.0400880977698,153054
3110404,신창초등학교,도봉구,창3동,37.63624951166753,127.04051457750556,297142
3110450,시립서북병원,은평구,구산동,37.60544380707198,126.90920823667845,195983
3111084,길동신동아아파트,강동구,길동,37.54210915495064,127.14797038945525,20962
3111085,묘곡초등학교(고덕아이파크아파트),강동구,고덕1동,37.56094142583823,127.1539043851388,144712
3111086,한영중고,강동구,명일2동,37.5479481533716,127.15459058686204,75463
3111087,고덕중학교(고덕2동주민센터),강동구,고덕2동,37.56143419088499,127.16269966363117,63497
3111088,고덕동성당,강동구,고덕2동,37.559955368246186,127.16993997135829,71669
3110439,당고개역 5번,노원구,상계3?4동,37.671287453233404,127.07868690249893,99026
3110440,상계3동4동주민센터,노원구,상계3?4동,37.672112743973784,127.08392455657341,54632
3110441,영신여고,노원구,중계본동,37.650445067206704,127.08261968164804,54737
3110442,화랑대철도공원,노원구,공릉2동,37.62434716517718,127.08997649461074,20050
3110425,계상초등학교,노원구,상계5동,37.661320204941866,127.06806833085822,104277
3110474,세명컴퓨터고등학교,은평구,불광2동,37.62574305642576,126.92176894024712,125765
3110451,증산역 4번,은평구,증산동,37.586867310443004,126.91176695211742,178167
3110497,가좌역 3번,서대문구,남가좌1동,37.570605742584526,126.91361991841781,27096
3110509,연희대우아파트앞,서대문구,신촌동,37.559929848504545,126.92844752122888,117804
3110510,홍연시장,서대문구,연희동,37.57660878891725,126.93099000584378,42513
3110556,절두산순교성지,마포구,합정동,37.54481927889561,126.91371757454353,41215
3110488,우리은행응암동지점,은평구,응암1동,37.60061956912879,126.92985806504463,93490
3110489,불광역 3번,은평구,녹번동,37.607179454050986,126.93100707256747,31324
3110490,녹번동근린공원,은평구,녹번동,37.60512562662295,126.93174508513579,128235
3110475,백련산해모로아파트,은평구,응암1동,37.597731603004384,126.92220593140247,70709
3110476,역촌역 2번,은평구,대조동,37.60838176745521,126.92290833727283,31638
3110526,봉원사,서대문구,신촌동,37.5687693370328,126.94686696726549,112347
3110498,증산역 1번,서대문구,북가좌2동,37.58615682561889,126.91352269766993,115165
3110499,연가초등학교,서대문구,북가좌2동,37.58196201087633,126.91889386756903,122136
3110500,남가좌동현대아파트,서대문구,남가좌2동,37.57369151856133,126.91981976539915,26069
3110462,갈현건영아파트,은평구,갈현1동,37.625721048855574,126.9159690380799,155714
3110463,응암3동주민센터,은평구,응암3동,37.59197920644561,126.91625609375659,53976
3110464,연신내역 5번,은평구,갈현2동,37.61717129604579,126.91683948862,99182
3110540,망원나들목체육관,마포구,망원1동,37.554395138243954,126.90006934224607,61616
3110541,동교초등학교,마포구,망원2동,37.55783805697095,126.9013889146536,101027
3110527,홍제역 2번,서대문구,홍제3동,37.58905980090688,126.94704502804785,106073
3110528,서울여자간호대학교,서대문구,홍제3동,37.59568240216124,126.9477423876718,59337
3110573,신촌역 6번,마포구,대흥동,37.55324988350833,126.93806204247896,9367
3110574,서강대학교,마포구,대흥동,37.5492774882875,126.9400117506906,16304
3110549,새터산,마포구,성산2동,37.56615108033534,126.90864472387649,101078
3110550,합정역 8번,마포구,합정동,37.551249164529125,126.90938718433313,173803
3111079,둔촌고등학교(둔촌중학교),강동구,둔촌2동,37.53076044252061,127.14483672836192,66695
3111080,굽은다리역 3번,강동구,명일1동,37.54799505551849,127.14605826969836,83549
3111081,둔촌푸르지오아파트,강동구,둔촌2동,37.53508365886623,127.14612359901622,17651
3111082,중앙보훈병원,강동구,둔촌2동,37.53324379403351,127.14759082543833,21834
3111083,GS강동자이아파트,강동구,길동,37.538289959838245,127.14713686672866,81524
3110593,신월3동주민센터,양천구,신월3동,37.53348831317334,126.82679378474677,177705
3110594,신월중학교,양천구,신월5동,37.54131913005202,126.82756773429242,77868
3110595,메디힐병원,양천구,신월5동,37.537799778862734,126.8300198040713,187236
3110443,수색역 1번,은평구,수색동,37.58388999556706,126.89576167266652,39392
3110575,대흥동주민센터,마포구,대흥동,37.55505349794558,126.94122938667753,71531
3110576,대흥역 3번,마포구,대흥동,37.54624299959065,126.9438276551154,76040
3110426,상계2동주민센터,노원구,상계2동,37.65639990821616,127.06967307359568,130017
3110405,방학역 1번,도봉구,방학1동,37.66914421552273,127.04101983972981,185625
3110452,새절역 3번,은평구,신사2동,37.590165495655896,126.91251034948718,112690
3110557,홍대부속여중고앞,마포구,서교동,37.55822738671057,126.91545636804909,112569
3110558,경성고등학교,마포구,성산1동,37.564363450925,126.91584558806812,321532
3110559,성산중학교,마포구,합정동,37.5466328201031,126.91725739230134,100801
3110413,누원고등학교,도봉구,도봉2동,37.68360246074166,127.04759179455192,74353
3110444,수색성당,은평구,증산동,37.5785264427602,126.90324089386101,73705
3110445,덕산중학교,은평구,신사1동,37.601072120466604,126.90679016222154,41323
3110446,내를건너서숲으로도서관,은평구,신사2동,37.59086414192362,126.90710860708315,59764
3110427,노원 을지대학교병원,노원구,하계1동,37.634487186294194,127.07101212612743,30640
3110428,상계5동주민센터,노원구,상계5동,37.66417450773257,127.07113106886153,217725
3110477,은평세무서,은평구,녹번동,37.60271559223417,126.92453358673295,101732
3110478,응암1동주민센터,은평구,응암1동,37.5998058991835,126.92532920921035,61196
3110453,신사1동주민센터,은평구,신사1동,37.59576090018161,126.91284350185038,209465
3110454,선정중학교,은평구,갈현2동,37.61729449862414,126.91277306605426,117225
3110511,연희초등학교,서대문구,연희동,37.565770810628436,126.93270915833847,200962
3110512,연희지하차도,서대문구,연희동,37.577349249695644,126.93386476704575,112524
3110513,연희파출소,서대문구,연희동,37.571204202233716,126.93339477301667,81070
3110515,홍은중학교,서대문구,홍은2동,37.59266626188652,126.93410032016293,64938
3110516,정원여중,서대문구,홍은2동,37.584954266751254,126.93500154132751,65332
3110564,홍대입구역 3번,마포구,서교동,37.55992809983832,126.92561802009868,49371
3110479,연신내역 2번,은평구,불광2동,37.622186278084804,126.92503497111771,102295
3110529,홍제3동주민센터,서대문구,홍제3동,37.59255612700315,126.94811823117305,113498
3110501,연희어린이공원,서대문구,연희동,37.56752055318338,126.92108280715294,123377
3110502,남가좌파출소,서대문구,남가좌2동,37.57596396317863,126.92272668132662,125757
3110503,명지대학교교회,서대문구,남가좌2동,37.582658880625694,126.92354622796533,154746
3110504,명지전문대,서대문구,홍은2동,37.58611020676995,126.92435788035132,34484
3110482,연신초등학교,은평구,불광2동,37.625629470771514,126.92730843440147,35348
3110532,아현역 2번,서대문구,북아현동,37.55966460055765,126.95758023545093,61152
3110533,충정로역 7번,서대문구,북아현동,37.55946737153307,126.96043246893834,39228
3110565,홍익대,마포구,서강동,37.552820653360776,126.9279111055061,43573
3110419,수락산디자인거리,노원구,상계1동,37.676426447476146,127.05710918618395,125994
3110530,아현역 1번,서대문구,북아현동,37.55752775275119,126.9536315870961,17473
3110531,홍지문,종로구,부암동,37.59757776916762,126.95578089828815,78118
3110577,용강동주민센터,마포구,용강동,37.54339595069852,126.94405610152825,26040
3110578,대흥역 2번,마포구,염리동,37.54823479181836,126.94507094731418,111950
3110551,성서초등학교,마포구,성산1동,37.55953848873831,126.9095808699743,102638
3110552,성미산체육관,마포구,성산1동,37.564089068838044,126.91029976327316,97940
3110590,만리재,마포구,공덕동,37.55007064296527,126.9625083603722,59702
3110591,충정로역 6번,중구,중림동,37.558287719911306,126.96243633709508,51038
3110592,서울금융고등학교,양천구,신월3동,37.535955345751084,126.82563401264187,42118
3110420,광운대역 1번,노원구,월계1동,37.62105976995062,127.05964942521172,50431
3110468,응암역 3번,은평구,역촌동,37.60326100173212,126.91823657343359,243033
3110469,응암정보도서관,은평구,응암3동,37.586196487934636,126.91861754570077,197026
3110579,마포역 4번,마포구,도화동,37.53608932175848,126.94507985704341,55046
3110429,공릉동 국수거리,노원구,공릉1동,37.62103417354386,127.07311752729491,160554
3110406,도봉산역 1번,도봉구,도봉1동,37.68982127455393,127.04215366082332,247532
3110407,도봉역 2번,도봉구,도봉1동,37.675496140869164,127.04096665862696,454340
3110408,가인초등학교,도봉구,창5동,37.65879177963506,127.04149012943236,53197
3110432,대진고등학교,노원구,하계1동,37.636143612619605,127.07327961483666,69099
3110433,공릉역 2번,노원구,공릉1동,37.62447424820976,127.07580558296289,95309
3110434,태릉입구역 4번,노원구,공릉1동,37.62081600933058,127.07616433988332,38090
3110435,서울과학기술대,노원구,공릉2동,37.62956456313447,127.07620725251864,17818
3110692,큰굴다리,구로구,개봉1동,37.49959252924015,126.84627816117745,68249
3110693,오류동역 4번,구로구,오류1동,37.496330897706166,126.84628484691747,9129
3110694,세곡초등학교,구로구,고척2동,37.50475669640574,126.84736461127714,196285
3110695,개봉1동주민센터,구로구,고척2동,37.50051860479138,126.8517950693802,191612
3110696,오류동역 1번,구로구,개봉2동,37.49400453363189,126.85195494682537,87977
3110663,우장산롯데캐슬아파트앞,강서구,화곡6동,37.55417025454575,126.84944809476413,38550
3110664,강서구청옆,강서구,화곡6동,37.551326400425985,126.85205665693027,22736
3110665,곰달래도서관,강서구,화곡2동,37.529649107392196,126.85265383966636,205223
3110666,KC대학교,강서구,화곡6동,37.54927286665986,126.85264916819561,48432
3110667,가양역 10번,강서구,등촌3동,37.56170718526108,126.853100050414,29342
3110749,금산초등학교(금천고등학교),금천구,시흥3동,37.44205287827401,126.90514583518677,145627
3110750,시흥4동주민센터(서울신흥초등학교),금천구,시흥4동,37.45774067716475,126.90659536161563,113692
3110681,온수역 1번,구로구,수궁동,37.491895234309894,126.82491102406816,82313
3110682,온수역 8번,구로구,수궁동,37.49607607173124,126.82502565575389,32907
3110683,오류고등학교,구로구,수궁동,37.49882785373005,126.82755240000924,41660
3110703,개봉역,구로구,개봉1동,37.495184430322844,126.85897502647666,119182
3110704,고척중학교,구로구,고척1동,37.49941573919038,126.8637394104501,15243
3110705,고산초등학교,구로구,고척1동,37.499930571468916,126.8648354424381,20963
3110706,그라운드 고척,구로구,고척1동,37.501246978346835,126.86565863686842,44173
3110722,G타워,구로구,구로3동,37.48023108551514,126.89717210666026,84987
3110723,가산디지털단지역 1번 출입구,금천구,가산동,37.48321884165624,126.88358899345991,42837
3110724,금천구립가산도서관,금천구,가산동,37.47307117184461,126.89060246530504,64563
3110725,가산동주민센터,금천구,가산동,37.47775628898691,126.89045996878538,39903
3110803,신길2동우편취급국,영등포구,영등포본동,37.51263424047317,126.91200145475099,97248
3110804,신풍역 1번,영등포구,신길6동,37.49952522564555,126.9128197716422,83571
3110805,신길새마을금고신길4동지점,영등포구,신길4동,37.505805144681965,126.91269937112725,27917
3110806,서울시립영등포장애인복지관,영등포구,영등포동,37.52114953473733,126.9131000457853,14104
3110733,금천어울림복지센터,금천구,시흥1동,37.4585800861235,126.89749563002177,36821
3110734,금천파출소,금천구,시흥1동,37.45366183872093,126.89898290125245,16742
3110735,말미고개,금천구,독산2동,37.462708144784365,126.89915158569944,180092
3110736,독산119안전센터,금천구,독산4동,37.46757501512585,126.90081805088234,124454
3110755,동일여자고등학교,금천구,시흥2동,37.45088873344512,126.91283104206283,59664
3110756,문래중학교,영등포구,양평1동,37.52289909328725,126.88357261885149,49828
3110757,양평역 2번,영등포구,양평1동,37.52482776865417,126.88411263138504,73590
3110758,문래소공원,영등포구,문래동,37.52089298434439,126.88678837498121,38867
3110807,신길역 3번,영등포구,영등포동,37.51778935200958,126.91386182257449,44675
3110774,당산반도유보라팰리스아파트,영등포구,당산2동,37.52837403542412,126.89978729477909,35052
3110775,대동초등학교,영등포구,대림2동,37.49188456755702,126.90121560959574,35075
3110776,도신초등학교,영등포구,대림3동,37.497543916380835,126.90245209989303,113740
3110643,강서구다솔마을,강서구,공항동,37.555514608627334,126.81871882923258,127210
3110644,신광명마을,강서구,발산1동,37.54741365896421,126.82402307103173,121040
3110645,우장산역 4번,강서구,발산1동,37.55222974420196,126.83351789025177,180103
3110790,대림1동주민센터,영등포구,신길5동,37.49761925247407,126.90647786314138,115306
3110791,신풍역 3번,영등포구,신길5동,37.49981832015513,126.90725543679011,21697
3110792,영등포역 2번,영등포구,도림동,37.51188305687823,126.9076137652341,129915
3110793,대림썬프라자,영등포구,대림1동,37.49601644101264,126.90772378123626,9883
3110808,신길역 1번,영등포구,영등포본동,37.51660931860897,126.91424776874355,31907
3110809,장훈고등학교,영등포구,영등포본동,37.51237559866575,126.91563253349054,31824
3110653,화곡역 2번,강서구,우장산동,37.54464527300884,126.8414670572051,122821
3110608,신월2동주민센터,양천구,신월2동,37.52508137526259,126.84586386894,199259
3110609,신정네거리역 2번,양천구,신정3동,37.52168871335585,126.84904958349273,48181
3110610,계남근린공원,양천구,신정3동,37.51653636130315,126.85013454972928,70654
3110699,덕의초등학교,구로구,고척2동,37.506136184220836,126.85527871714595,55364
3110700,고척초등학교,구로구,고척1동,37.501976069275166,126.85735633995357,131905
3110623,갈산공원,양천구,신정7동,37.50699100309611,126.86978780742024,156540
3110624,목동문화체육센터,양천구,목2동,37.541230447765756,126.87104084620819,43801
3110625,신정2동주민센터,양천구,신정2동,37.51844482895093,126.87167959095326,100874
3110626,양화초등학교,양천구,목2동,37.54452164704416,126.87340015358663,127884
3110654,까치산역 4번,강서구,화곡1동,37.53303109083656,126.8412427376533,276225
3110655,발산역 5번,강서구,우장산동,37.55716160635443,126.84257230285237,121172
3110562,연트럴파크(연남동주민센터),마포구,연남동,37.56376488708946,126.9233391686964,96104
3110563,상수역 3번,마포구,서강동,37.5457274833252,126.92421764900801,37381
3110751,난곡중학교,금천구,독산3동,37.47809476583462,126.90692050938276,142894
3110752,한울중학교,금천구,시흥4동,37.46170696090743,126.90894149141734,160859
3110684,서울공연예술고등학교,구로구,수궁동,37.49865116120828,126.82997287787619,56085
3110685,금강수목원아파트,구로구,오류2동,37.490149246351464,126.8324797926798,33067
3110686,수궁동주민센터,구로구,수궁동,37.494638620747644,126.83415467880374,191258
3110707,구로창업지원센터,구로구,신도림동,37.50981240722823,126.87946463909495,185688
3110708,화원어린이공원,구로구,구로2동,37.49791195977646,126.88127053475066,50397
3110709,구로119안전센터,구로구,구로2동,37.49392980227567,126.88155953983662,88217
3110710,남구로역 3번,구로구,구로2동,37.486886294270526,126.88394512624056,224117
3110711,구로초등학교,구로구,구로2동,37.49662631952319,126.88408837350633,157006
3110712,남구로역 5번,구로구,구로4동,37.487447465830186,126.88656749689855,83115
3110668,화곡2동주민센터,강서구,화곡2동,37.53247006333166,126.85331580752785,178678
3110669,화곡보람2차아파트,강서구,화곡6동,37.552923598728135,126.8540113311599,15189
3110670,신곡초등학교,강서구,화곡4동,37.53553664636465,126.85590077983865,146128
3110726,금천철쭉어린이공원(금하마을),금천구,독산1동,37.45329404179641,126.8906764836956,44361
3110815,공군호텔,영등포구,신길1동,37.51166828712483,126.9221596147489,182950
3110816,대방역 6번,영등포구,신길1동,37.51479573571652,126.9236381327389,92336
3110737,금천세무서,금천구,독산3동,37.47653113040603,126.90090796494161,84015
3110738,문성초등학교,금천구,독산3동,37.472305721353386,126.90129790602968,114069
3110739,시흥3동 우편취급국,금천구,시흥3동,37.44114999204755,126.9028417553999,20887
3110713,구로보건소,구로구,구로5동,37.50126053635339,126.88723646192494,250966
3110759,문래예술촌(문래창작촌),영등포구,문래동,37.51476153758128,126.89145784534162,299716
3110760,선유도역 6번,영등포구,양평2동,37.536368422439324,126.89239957829113,153365
3110761,문래동남성맨션,영등포구,문래동,37.51164477320905,126.89223148744642,31681
3110762,선유도역 1번,영등포구,양평2동,37.54030612628488,126.89276731629242,342694
3110612,신정역 5번,양천구,신정4동,37.52343623301962,126.85592405599932,167833
3110613,신정네거리역 4번,양천구,신정1동,37.51927420530179,126.85641846880667,23861
3110614,목동로데오거리,양천구,신정4동,37.528108683191064,126.8603045895597,77332
3110615,신서초등학교,양천구,신정1동,37.520964822449145,126.86122287881128,31057
3110616,양목초등학교,양천구,신정4동,37.5230652390491,126.86214660798909,15723
3110646,푸른들청소년도서관,강서구,화곡3동,37.54405127997964,126.83536920594427,203547
3110647,화곡역 5번,강서구,화곡1동,37.5386573219103,126.8375535045462,210252
3110648,양천향교역 7번,강서구,가양1동,37.566940159049786,126.83794486723104,283983
3110794,영동초등학교,영등포구,당산2동,37.52769618737838,126.90829568124921,81298
3110795,도림초등학교,영등포구,신길3동,37.50888390866796,126.9091556622347,68722
3110796,한림대학교한강성심병원,영등포구,영등포동,37.52370525165795,126.90894538092166,24293
3110797,KT대방빌딩,영등포구,신길6동,37.49592733165793,126.90900173377105,8947
3110596,서서울호수공원,양천구,신월3동,37.52933251430504,126.8315097591216,118222
3110597,신월1동주민센터,양천구,신월1동,37.53460392914984,126.83190521052514,181005
3110598,신월문화체육센터,양천구,신월7동,37.51957726844986,126.8333416013457,105945
3110599,신월1파출소,양천구,신월1동,37.53101175155089,126.83389315774004,105116
3110416,노원초등학교,노원구,상계1동,37.67269635062585,127.05719700834393,92687
3110417,월계역 3번,노원구,월계2동,37.63272832724608,127.05808401363569,29842
3110418,광운대학교 남단,노원구,월계1동,37.61777199035563,127.05799308954444,88266
3110465,연신내역 7번,은평구,갈현1동,37.62142443927846,126.9175257181981,72295
3110701,고척동성당,구로구,고척2동,37.505447814423974,126.85975871674793,44097
3110702,개봉초등학교,구로구,개봉3동,37.48854391817313,126.85889705315547,91947
3110627,신정롯데캐슬아파트,양천구,신정2동,37.519996696799005,126.87366784052162,80881
3110628,신목동역,양천구,목2동,37.54516805947765,126.87981510484772,95041
3110629,송정역 4번,강서구,공항동,37.559535159894644,126.80863612346893,37678
3110630,공항시장역 1번,강서구,방화2동,37.56531932367912,126.80849682132225,187213
3110631,방화초등학교,강서구,방화2동,37.569033801931774,126.80997014983072,91895
3110656,까치산역 3번,강서구,화곡1동,37.52876264452878,126.84296009158733,201889
3110657,양천향교역 5번,강서구,가양1동,37.56653329038731,126.84357129242574,124877
3110658,화곡초등학교,강서구,화곡본동,37.54528194540314,126.84598070839382,65816
3110659,화곡역 4번,강서구,화곡본동,37.54056131421404,126.84644302224991,372788
3110714,구로4동주민센터,구로구,구로4동,37.49132429193936,126.88919631652536,140331
3110727,독산역 1번 출입구,금천구,독산1동,37.4646654230754,126.89133814646827,106562
3110728,두산초등학교,금천구,독산1동,37.46734184716617,126.89179773823689,50102
3110729,가산동우체국,금천구,가산동,37.47802914720058,126.8932520648618,85219
3110777,구로세무서,영등포구,문래동,37.51406753976341,126.90148046698552,45358
3110753,시흥동 은행나무사거리,금천구,시흥5동,37.448849129363595,126.90844852214423,177282
3110754,삼성산자연공원(서울금천초등학교),금천구,시흥5동,37.453237704979706,126.90927951506106,134370
3110687,"천왕역 3번(오류2동주민센터, 서울오류남초등학교)",구로구,오류2동,37.4881747325505,126.83800209949736,42464
3110688,오류지구대,구로구,오류1동,37.49536562485887,126.83863113866649,79928
3110715,구로구민회관,구로구,구로5동,37.497252236455466,126.88847512035333,40106
3110716,구로나눔길,구로구,구로2동,37.49390980603042,126.88879671563531,50788
3110717,남구로역 2번,구로구,가리봉동,37.48428725232737,126.88901449779476,206144
3110763,영등포구청역 2번,영등포구,당산1동,37.526396303959714,126.89457467467606,33508
3110764,문래역 3번,영등포구,당산1동,37.52091833908793,126.8947181280215,18152
3110671,등촌1동주민센터,강서구,등촌1동,37.55565994906193,126.8592232956464,231350
3110672,백석중학교,강서구,등촌2동,37.5466324179359,126.85961370194514,69786
3110673,뜸부기어린이공원,강서구,화곡4동,37.53041452973515,126.85970067142665,145209
3110674,강서구청가양동별관,강서구,가양3동,37.56098595628063,126.86016400106026,10388
3110813,보라매역 6번,영등포구,신길6동,37.50101636484535,126.91911721349943,100264
3110814,서울지방병무청,영등포구,신길7동,37.507496332940526,126.92170023319794,141531
3110649,우장산역 1번,강서구,우장산동,37.55298352357683,126.83779402108571,70187
3110740,금천해태공원,금천구,시흥1동,37.45862856769765,126.90153063651739,148638
3110741,독산2동주민센터,금천구,독산2동,37.46383656022357,126.9017046630445,96407
3110742,KT금천빌딩(금천구시설관리공단),금천구,시흥1동,37.44707867860115,126.90285669090942,35970
3110798,신풍역 2번,영등포구,신길6동,37.49861245831046,126.90916810677236,21568
3110765,문래동사거리,영등포구,문래동,37.51143147963066,126.89551189177746,81024
3110766,대림역 5번,영등포구,대림3동,37.496178287632986,126.89644912574266,94929
3110767,도림동주민센터,영등포구,도림동,37.51013460386422,126.8961583972878,27268
3110600,신월7동주민센터,양천구,신월7동,37.522777960294526,126.83486165433128,158307
3110466,구산역 2번,은평구,역촌동,37.60844156286348,126.91804969701305,102377
3110467,은평요양병원,은평구,갈현1동,37.62484029093253,126.91913049837581,59339
3110514,서대문우체국,서대문구,신촌동,37.55953597042736,126.93280530945287,91935
3110650,우장산힐스테이트,강서구,우장산동,37.55510210039809,126.83869481098496,18832
3110651,화원중학교,강서구,화곡1동,37.53644305357172,126.83915364557924,142874
3110652,양천향교역 2번,강서구,가양1동,37.5708890530949,126.83980405551263,98467
3110799,영등포본동주민센터,영등포구,영등포본동,37.51338058174546,126.91002115746218,29319
3110800,영등포동성당,영등포구,영등포동,37.52126449878274,126.91020399762098,33962
3110801,신풍역 6번(신길6동공영주차장),영등포구,신길6동,37.502515272283304,126.91108596644017,14185
3110802,신길동홍어거리,영등포구,신길4동,37.51037308349919,126.91249046187012,44973
3110601,신월1동우편취급국,양천구,신월1동,37.52795203678687,126.83653591090075,220158
3110602,신월시영아파트중문,양천구,신월7동,37.518934737930614,126.83778857051472,61404
3110603,지향초등학교,양천구,신정3동,37.512549854396376,126.84015504526609,60198
3110660,등촌3동주민센터,강서구,등촌3동,37.55832107704375,126.84728936932454,151533
3110778,구로디지털단지역 4번,영등포구,대림2동,37.488623948891146,126.90245239287532,204978
3110779,대림갑을명가아파트,영등포구,대림1동,37.49624685997714,126.90292873946542,13131
3110611,신정역 1번,양천구,신정4동,37.526464568346604,126.85672145126978,105248
3110784,신대림초등학교,영등포구,대림1동,37.491895815643836,126.90392945139324,37357
3110785,영등포푸르지오아파트,영등포구,도림동,37.5091772342772,126.90408827327902,109702
3110617,등촌역 4번,양천구,목3동,37.54629633318375,126.86501203740983,57686
3110618,강서고등학교,양천구,목4동,37.535196458603345,126.86539410373967,123264
3110619,목4동주민센터,양천구,목4동,37.531475913807355,126.86590990704703,39755
3110632,방화역 3번,강서구,방화1동,37.57478402665346,126.81114416473983,70905
3110633,개화산역 1번,강서구,방화2동,37.57277331235714,126.81020968720401,21731
3110634,송정역 3번,강서구,공항동,37.557416444538866,126.81340625888835,238960
3110661,강서새말어린이공원,강서구,화곡6동,37.55223991977548,126.84773181802537,38920
3110662,까치산역 1번,강서구,화곡8동,37.53485244846705,126.84913619684757,230187
3110718,한국SGI본부,구로구,구로5동,37.503462343662285,126.89080694582884,113693
3110745,독산동정훈단지,금천구,독산2동,37.46594683806725,126.90403048852814,79548
3110746,금천금빛공원(은행나무사거리서측),금천구,시흥1동,37.451774280596055,126.90447806264076,57787
3110747,석수역 1번 출입구,금천구,시흥3동,37.43459211622573,126.90470328680757,72218
3110675,화곡4동주민센터,강서구,화곡4동,37.53623598406385,126.86053834758106,164488
3110676,등촌역 7번,강서구,등촌2동,37.54994962347848,126.86090887758043,73721
3110677,등촌역 1번,강서구,등촌1동,37.55366734475919,126.86575698649337,46900
3110678,염창무학아파트,강서구,염창동,37.55022800309099,126.87626490361211,27977
3110679,염창역 2번,강서구,염창동,37.54833680854631,126.87712806513225,69101
3110680,온수역 5번(온수산업단지),구로구,수궁동,37.49311994948703,126.8185078878857,136117
3110689,오류동역 3번,구로구,오류1동,37.497605663708185,126.84274264528946,115792
3110690,오류2동버들시장,구로구,오류2동,37.49227211395636,126.84304783057685,163596
3110691,개봉중학교,구로구,개봉1동,37.50249143401964,126.84449665369102,78095
3110719,영서중학교,구로구,구로3동,37.48867850808619,126.8926376285484,12156
3110720,대림역 2번,구로구,구로4동,37.4929406764136,126.89308384367953,111299
3110721,가리봉파출소,구로구,가리봉동,37.479551604922634,126.89297855818604,71977
3110768,도림2동유수지내체육시설,영등포구,도림동,37.50701791437905,126.89705620583169,51407
3110817,대방역 4번,영등포구,신길1동,37.51369602690586,126.92289272549621,51645
3110818,신대방역 3번,동작구,신대방1동,37.48674695130216,126.91015487331812,49264
3110819,신대방역 4번,동작구,신대방1동,37.48877490125431,126.91105702584524,181264
3110820,성남고등학교,동작구,대방동,37.504353122909095,126.9236826987537,100016
3110730,서울축산농협 독산역지점(독산파출소),금천구,독산1동,37.46490291619055,126.89490976198287,115670
3110731,금천구청역 1번 출입구,금천구,시흥1동,37.45509224627107,126.89643798420333,161006
3110732,가산초등학교(세일중학교),금천구,독산1동,37.475906522035814,126.89749458115419,134081
3110743,시흥초등학교(시흥1동우체국),금천구,시흥1동,37.45541423177664,126.90430389990269,121078
3110744,독산동성당,금천구,독산4동,37.470677267446916,126.90418270467585,207152
3110769,대림차이나타운(대림역 12번),영등포구,대림2동,37.49090798747462,126.8971235493342,35768
3110770,영등포구청역 6번,영등포구,당산1동,37.52289416609549,126.8977131408658,47293
3110771,대림역 11번,영등포구,대림2동,37.49241417100042,126.8988628868371,24375
3110772,신우어린이공원,영등포구,대림3동,37.50309103254976,126.89879193948084,40126
3110773,당산역 13번,영등포구,양평2동,37.53610408406031,126.89915465916857,9756
3110639,신방화역 8번,강서구,방화1동,37.566086019095295,126.8146749940266,97165
3110640,방화역 1번,강서구,방화3동,37.577899580777924,126.81565326249788,79681
3110641,공항고등학교,강서구,방화1동,37.57199300098482,126.81819214306506,67482
3110642,정곡초등학교,강서구,방화3동,37.57792219512261,126.81861923583672,19884
3110786,당산역 8번,영등포구,당산2동,37.53401843325648,126.90478057162831,54674
3110787,신길3동주민센터,영등포구,신길3동,37.50674580845403,126.90568609063068,95882
3110788,영등포시장역 3번,영등포구,영등포동,37.52233352432056,126.90613027820348,10464
3110789,대림성모병원,영등포구,대림1동,37.490681355373276,126.90629428541293,86491
3110810,영신초등학교,영등포구,신길1동,37.51093472393394,126.91666342067874,117632
3110811,보라매역 4번,영등포구,신길6동,37.499141029237336,126.91732113238506,44661
3110812,신길6동주민센터,영등포구,신길6동,37.49780747786807,126.91723213362471,59185
3110604,신월4동주민센터,양천구,신월4동,37.52336983439267,126.83937402800503,150486
3110605,목동센트럴아이파크앞,양천구,신월6동,37.515857213778254,126.8406570017279,38129
3110606,신한은행 신월동지점,양천구,신월4동,37.51989447026174,126.84122532645456,158709
3110607,금빛새마을금고본점,양천구,신월2동,37.520143351645594,126.84545548355003,36823
3110697,개봉3동주민센터,구로구,개봉3동,37.484402313249085,126.85397516427814,81457
3110698,개웅초등학교(개웅중학교),구로구,개봉3동,37.48845594025623,126.85324361249401,131201
3110748,백산초등학교,금천구,시흥5동,37.44853971878937,126.90457258515943,70150
3110620,목동보건지소,양천구,목4동,37.539081745942845,126.86714092211024,177925
3110621,목동역 5번,양천구,목1동,37.525161822788036,126.86761812174178,34475
3110622,달마을공원,양천구,목2동,37.545319284332244,126.8694948546841,90372
3110635,공항시장역 3번,강서구,공항동,37.56413825633674,126.81364982337973,95722
3110636,방화역 2번,강서구,방화1동,37.57418328295361,126.81297954691757,44808
3110637,송정역 2번,강서구,공항동,37.562011915923925,126.81365511965096,86547
3110638,신방화역 2번,강서구,방화1동,37.56875208070871,126.81411374137508,180870
3111026,문정역 2번,송파구,문정1동,37.48402890980623,127.12601152245665,123212
3111027,문정초등학교,송파구,문정1동,37.48862354516316,127.12648283683586,124929
3111025,경찰병원역 3번,송파구,가락2동,37.494156381623775,127.12587022274428,59147
3110830,상도초등학교,동작구,상도4동,37.50003712222016,126.93885241447533,126620
3110831,상도4동주민센터,동작구,상도4동,37.498650467700855,126.94060640252178,56494
3110880,신림역 1번,관악구,서원동,37.48396925029782,126.93346098403177,38288
3110881,구립대학경로당(관악산샘말공원),관악구,대학동,37.46769853841552,126.9362223021795,234224
3110882,신성초등학교,관악구,서림동,37.473023526393646,126.93625169251668,147004
3110942,염곡동 구룡사(포이동성당),서초구,양재2동,37.46958093920278,127.04589577327441,252432
3110943,법제교육센터(버들어린이공원),서초구,양재2동,37.47347311339666,127.0463842665295,57521
3110944,서울나래학교(염곡어린이공원),서초구,내곡동,37.46264985921237,127.05148668646524,70228
3110968,강남구청역 2번,강남구,논현2동,37.514651405696064,127.04017728415381,43750
3110969,베르사이유1아파트,강남구,역삼2동,37.498901794389674,127.04030454992456,55302
3110970,학동초등학교,강남구,논현2동,37.51156961384925,127.04121621721019,50014
3110971,선정릉역 4번,강남구,역삼1동,37.50728024088782,127.04287643755754,133222
3110972,강남세브란스병원미래의학연구센터,강남구,역삼2동,37.49455817070105,127.04250730304766,46603
3110973,강남구청역 4번,강남구,청담동,37.518821856356446,127.04355043686776,66136
3111037,Sh수협은행 오금동금융센터(아랫말어린이공원),송파구,오금동,37.504513831140805,127.13763832029571,27617
3111017,송파나루역 3번,송파구,방이2동,37.50913270698353,127.11546723853742,32806
3111018,풍납초등학교(풍납백제문화공원),송파구,풍납1동,37.536738404045565,127.11649415206809,27101
3111041,거여역 8번,송파구,거여1동,37.49394070670083,127.14130533593624,12895
3111042,거여역 1번(거여공원),송파구,거여1동,37.49713654406891,127.14357306164347,146365
3110848,양지어린이공원,동작구,사당1동,37.48165188517359,126.97574820925163,116036
3111077,길동주민센터(강동도서관),강동구,길동,37.53719550086777,127.14326513418865,247203
3111028,문현중학교(장지역 1번),송파구,장지동,37.48182002557716,127.12733063992445,53688
3111050,강동구청(강동구청역 2번),강동구,성내1동,37.53074762172461,127.12447223310747,19565
3111051,천호역 6번,강동구,성내2동,37.53472111071503,127.1243996374976,159647
3111052,암사역 3번(천호동자전거거리),강동구,천호2동,37.54790198936116,127.12510051019554,129295
3111053,성내천어린이공원(하니사랑길),강동구,성내1동,37.526187642325176,127.12533575007856,139845
3110823,신대방삼거리역 3번,동작구,신대방2동,37.49536283253441,126.92643975532327,88509
3110824,대방역 3번,동작구,대방동,37.51195968526966,126.92697769750927,46862
3110825,신대방삼거리역 1번,동작구,상도3동,37.496213046443046,126.93188956480161,182490
3110871,신원동주민센터,관악구,신원동,37.480514744310774,126.92727965292688,49950
3110849,이수역 10번,동작구,사당3동,37.48589591263276,126.97713757819878,119168
3110898,청림동주민센터(상도중학교),관악구,청림동,37.49098150293651,126.95842194720214,57942
3110899,낙성대역 5번(관악중학교),관악구,행운동,37.4792158903877,126.96310907993906,73363
3111029,오금역 4번,송파구,가락2동,37.497884928294894,127.12738052925893,43089
3111030,방이역 2번,송파구,오금동,37.506334079138135,127.12947590742026,50911
3110856,미성초등학교,관악구,미성동,37.47982945317871,126.91315922448254,127503
3110857,미성동주민센터,관악구,미성동,37.475271208267024,126.91434024298789,113505
3110858,신대방역 1번,관악구,신사동,37.48696656212724,126.91470002177657,23709
3110859,난향초등학교,관악구,난향동,37.46313623867954,126.916637376392,77274
3110872,신림초등학교,관악구,신원동,37.47824447329985,126.92772277446338,53857
3110873,당곡중학교,관악구,보라매동,37.49122005096885,126.9294742646681,132683
3110926,신중초등학교,서초구,서초3동,37.481609051735134,127.00801608855255,98883
3110900,낙성대역 1번(관악구민 종합체육센터),관악구,인헌동,37.474332513851415,126.96341671782614,111817
3110983,국립국악고등학교,강남구,개포4동,37.47790448472096,127.05028744787174,56042
3110984,포이초등학교(개포목련어린이공원),강남구,개포4동,37.473804098067625,127.05211611260901,137098
3110985,청담근린공원,강남구,청담동,37.52322430097347,127.05209390733614,43265
3110986,삼성중앙역 7번,강남구,삼성2동,37.510547066358605,127.052356548874,15944
3110987,영동대교남단,강남구,청담동,37.52610679807326,127.05367971777855,31393
3110832,노량진초등학교,동작구,노량진1동,37.51027405078857,126.9418413498675,100857
3110833,상도역 2번,동작구,상도2동,37.50351813253174,126.94522812869438,54544
3110834,동작구자원봉사센터,동작구,노량진1동,37.508708227610335,126.94589164292432,33607
3110909,남태령역(서울전자고등학교),서초구,방배2동,37.46632767619737,126.98895610133269,73654
3110910,내방역 5번,서초구,방배4동,37.48829433820564,126.98948430655278,60073
3110911,방배배수지체육공원,서초구,방배3동,37.472724930808944,126.98982563370724,282743
3110912,방배동사이길,서초구,방배본동,37.49419599826772,126.99019588863594,26478
3111002,한국교통안전공단 강남자동차검사소,강남구,세곡동,37.4695024332252,127.11946451874083,59241
3110927,잠원역,서초구,잠원동,37.51280164188977,127.01117516268238,60236
3110928,서초우방유쉘아파트,서초구,서초3동,37.48899700142992,127.011816131805,22283
3110929,남부터미널역 1번,서초구,서초1동,37.48854529413417,127.02059047499684,186714
3110988,청담역 3번,강남구,삼성1동,37.51829484426531,127.05425101906182,79185
3110989,대치동아우편취급국,강남구,대치4동,37.502878544358616,127.05449997860173,40587
3110990,청담역 12번,강남구,청담동,37.52055597896897,127.05507843669162,10107
3110991,삼성중앙역 5번,강남구,삼성1동,37.512464459120494,127.05615833085423,26622
3111054,암사역 4번(삼성광나루아파트),강동구,암사2동,37.553935288237795,127.12825674847986,15538
3111055,선사초등학교,강동구,암사2동,37.55515121358037,127.12864361999064,11026
3111056,천호태영아파트,강동구,천호3동,37.53774374681216,127.12880605851154,31985
3111057,천호공원(해공체육문화센터),강동구,천호2동,37.54332876710307,127.12987932321663,116161
3110883,은천초등학교(은천교앞),관악구,보라매동,37.487223846511434,126.93703112025764,111515
3110884,봉천역 4번(봉천110안전센터),관악구,은천동,37.485206743766895,126.93923762562211,43849
3111003,삼전역 4번,송파구,잠실본동,37.504276899620265,127.0824809580479,272855
3111004,삼전역 1번,송파구,잠실본동,37.50671672745682,127.08515279573975,245561
3111005,삼전역 3번,송파구,삼전동,37.50146126676753,127.08868660012052,193689
3111006,석촌고분역 1번,송파구,삼전동,37.50490803067036,127.09397230648412,182032
3111059,강동역 4번(강풀만화거리),강동구,성내2동,37.533876788109865,127.13032680682069,282300
3110829,장승배기역 5번,동작구,노량진2동,37.507776431607745,126.93822404487153,92311
3110877,신림역 8번,관악구,신림동,37.48633867723095,126.93306314109579,103978
3111058,성내중학교,강동구,성내1동,37.529849435267344,127.13021797817682,39694
3110850,사당역 10번,동작구,사당1동,37.47941785252698,126.97815707930891,202958
3110851,경문고등학교(동작동성당),동작구,사당2동,37.49179797650655,126.9796687098256,115412
3110945,본마을노인복지센터(서초구립내곡도서관),서초구,내곡동,37.454900667788976,127.05258898631524,104024
3110946,청계산원터골,서초구,양재2동,37.44351010149928,127.05638926596025,17189
3110947,청계산입구역 2번(내곡동주민센터),서초구,내곡동,37.44649128517343,127.05879859538975,84941
3111060,암사역 2번(서울강동초등학교),강동구,천호2동,37.54699551295604,127.13016858602187,219221
3110860,호림박물관(성보고등학교),관악구,미성동,37.48176193235565,126.91925103502298,69058
3110861,관악구신사동주민센터,관악구,신사동,37.483905325185546,126.91779018557327,200822
3111019,한성백제역 3번,송파구,방이2동,37.513563462690406,127.11767970969707,182798
3111020,방이동고분군(방산고등학교),송파구,방이1동,37.50698317749334,127.1206099818534,28997
3110901,인헌고등학교(인헌중학교),관악구,인헌동,37.470369440518155,126.96815523319425,92180
3110902,사당역 4번,관악구,남현동,37.47420987457289,126.97740115501247,250733
3110903,방배아이파크아파트,서초구,방배본동,37.49217715544627,126.98467795466243,92803
3111031,장지동주민센터(한림연예예술고교),송파구,장지동,37.486051200890266,127.1305941940208,83345
3111032,방이역 1번,송파구,오금동,37.50879300826817,127.13021532267395,77913
3110862,난곡초등학교(난곡동벽화마을),관악구,난곡동,37.4718591698255,126.91827817871315,58047
3110913,방현초등학교(방배119안전센터),서초구,방배3동,37.476626146972635,126.9881405944352,148771
3110914,내방역 6번,서초구,방배4동,37.48956489631155,126.99115762197954,16286
3110930,서초동성당,서초구,서초1동,37.49252765149737,127.02113434425956,98532
3110931,삼성전자서울R&D(서울우면초등학교),서초구,양재1동,37.466137137513066,127.02086692437558,44205
3110932,서울시인재개발원,서초구,서초1동,37.48400374005414,127.02314450898045,40038
3110933,한국상담대학원대학교,서초구,서초1동,37.48654447590172,127.02368802557318,24916
3110934,우면주공아파트,서초구,양재1동,37.46893822662192,127.02616941071274,80617
3110935,한전아트센터,서초구,서초2동,37.486336610397004,127.02666167514542,32304
3110992,도곡초등학교,강남구,대치4동,37.50003036704142,127.05662399395345,138866
3110993,개포지하차도 북측,강남구,개포1동,37.477828636839426,127.05847266511807,37865
3110994,개포고등학교,강남구,개포2동,37.483386362629375,127.06142798105036,61589
3110995,봉은사역 4번,강남구,삼성1동,37.517155331127356,127.0628243482368,122757
3110996,대치2동주민센터,강남구,대치2동,37.50186467208032,127.06396507703604,112841
3110835,상도역 1번,동작구,상도1동,37.50196057073668,126.94783039548784,39906
3110836,상도역 5번,동작구,상도1동,37.50276399907485,126.95142621863678,239852
3110915,서래초등학교,서초구,방배본동,37.49500709788961,126.99289844460696,76657
3111007,석촌고분역 4번,송파구,삼전동,37.499943567584296,127.09387561308928,163064
3111008,석촌고분역 3번,송파구,석촌동,37.499983319485025,127.1003217674192,104883
3110878,미림여고,관악구,삼성동,37.46495754205565,126.93275440086107,45308
3110879,신림현대아파트,관악구,삼성동,37.47402210757342,126.93345849830335,51568
3110936,더케이호텔(양재리본타워2단지아파트),서초구,양재2동,37.46580943362619,127.03499659545136,43233
3110937,방아다리근린공원(횃불트리니티신학대학원대학교),서초구,양재1동,37.47827900553919,127.03635909218839,40444
3110938,바우뫼공원,서초구,양재1동,37.47516151613607,127.03634627667476,38156
3111043,마천공원,송파구,마천2동,37.500756183807006,127.14553646050463,67894
3111044,남천초등학교,송파구,마천2동,37.49924726592884,127.14893749244365,129883
3110885,영락고등학교,관악구,서림동,37.47534972675296,126.93927952242284,138911
3110886,관악해태어린이공원,관악구,서림동,37.47201632617376,126.93993789413283,78673
3110887,서울산업정보학교(서울삼성초등학교),관악구,대학동,37.46953941483395,126.94166944457962,56397
3110948,헌인가구단지,서초구,내곡동,37.45926623255897,127.08973311889417,198674
3111009,송파책박물관,송파구,석촌동,37.49881121238398,127.10125882793189,34040
3111010,석촌역 7번,송파구,석촌동,37.5054062634517,127.10161833772673,200178
3111011,잠실나루역,송파구,잠실4동,37.52106332251792,127.10435448058153,25839
3111012,석촌역 6번,송파구,석촌동,37.50219517719213,127.10561747375874,120754
3111013,송파나루역 1번(송리단길),송파구,송파1동,37.509382852628754,127.10820636509024,191523
3111045,개미어린이공원,송파구,거여2동,37.491516567954285,127.14898998707609,42008
3111046,마천역(마천초등학교),송파구,마천1동,37.495999240540726,127.15239139655954,209850
3111047,마천1치안센터,송파구,마천1동,37.49657030635305,127.15665583665135,131215
3110826,장승배기역 4번,동작구,상도2동,37.50344061329934,126.93454072724737,115676
3110827,NH농협은행 상도동지점,동작구,상도4동,37.501278407082296,126.93491581693598,68956
3110828,노량진역 6번,동작구,노량진2동,37.511009954205484,126.93618546819476,236972
3110852,이수역 9번,동작구,사당1동,37.48338256793148,126.97970490974784,44183
3110853,KT구로지사,관악구,조원동,37.4809201509186,126.90223628689705,80033
3110854,조원동주민센터,관악구,조원동,37.482411223638444,126.90771790286111,47109
3110855,신대방역 2번,관악구,조원동,37.484405896181045,126.9122380925766,155155
3110949,한남IC,강남구,신사동,37.520900625032915,127.01924190902562,62126
3110950,논현역 7번,강남구,논현1동,37.51363768176311,127.02392280625415,46164
3110951,신사은행나무공원,강남구,신사동,37.52074631111302,127.02530515090473,29000
3110952,논현목련공원,강남구,논현1동,37.511321565909846,127.02643303571321,21629
3110953,학동근린공원,강남구,논현1동,37.51592553184007,127.02715858682251,92947
3110954,국기원,강남구,역삼1동,37.50244615837312,127.02861260731483,39799
3110955,논현초등학교,강남구,논현1동,37.508996262830124,127.02944076055603,190913
3110956,언주역 8번,강남구,역삼1동,37.504616916864755,127.03123727641653,71587
3111048,천호역 1번(천호문구완구거리),강동구,천호2동,37.54091418243181,127.12132089509707,69265
3111049,천호지구대(천호동자전거거리),강동구,천호2동,37.54358791690794,127.12347517955997,110424
3110863,난우초등학교,관악구,미성동,37.4762560085099,126.91814903209799,109345
3111021,방이역 4번,송파구,방이1동,37.51121564107836,127.12279974688528,324278
3111022,석촌중학교(방이육교),송파구,가락본동,37.502906487064415,127.12460694915103,80535
3111023,문정역 1번,송파구,문정1동,37.48787024777591,127.1231233502374,61838
3110904,이수역 5번,서초구,방배2동,37.4852574343676,126.984826355552,47127
3110905,방배노인종합복지관(이수중학교),서초구,방배2동,37.481815733304714,126.98605942962958,76869
3110906,서문여고,서초구,방배4동,37.49013206848861,126.98630664868188,37319
3110907,방배초등학교,서초구,방배4동,37.48702347050339,126.98530089260097,103888
3110908,구반포역,서초구,반포본동,37.50209749402901,126.98680207203515,28724
3111033,문정동성당,송파구,장지동,37.48777812664093,127.13328829277718,23375
3111034,오동나무공원(송파레미니스1단지),송파구,오금동,37.50662576054443,127.13453196048948,139482
3110864,신림우방아파트,관악구,신사동,37.48718612163994,126.91942610947666,106563
3110865,남강고등학교(남강중학교),관악구,난곡동,37.473536847262565,126.92092171529349,181632
3110916,내방역 4번,서초구,방배1동,37.48524914404242,126.9922435775226,103116
3110939,양재역 8번(양재동우체국),서초구,양재1동,37.482044176111465,127.03961711792392,218114
3110940,양재근린공원(양재2동주민센터),서초구,양재2동,37.47191648467483,127.0406291976269,32454
3110941,언남고등학교,서초구,양재2동,37.473790159444405,127.04185115304308,23167
3111024,경찰병원역 4번(건너말공원),송파구,가락본동,37.49264522302983,127.12347042338958,34910
3110997,대청초등학교,강남구,일원1동,37.49154418873969,127.08459279952699,236964
3110998,은곡마을(은곡마을공원),강남구,세곡동,37.46667503304304,127.09794863113454,116896
3110999,윗방죽마을공원,강남구,세곡동,37.47158947606482,127.10388999835395,239797
3111000,대왕초등학교(세곡동사거리서남측),강남구,세곡동,37.46355871743175,127.10697603547517,52892
3111001,아래방죽마을공원(율현초등학교),강남구,세곡동,37.47110766115253,127.10864856928458,159591
3110837,숭실대입구역 1번,동작구,상도1동,37.49497111222602,126.95345543447249,148274
3110838,상도1동주민센터앞,동작구,상도1동,37.49734087900624,126.95375929484123,13134
3110839,숭실대입구역 4번,동작구,상도1동,37.494494891316954,126.95691601812626,68786
3110888,청룡동주민센터,관악구,청룡동,37.47905502019646,126.94360664715312,38688
3110917,서초소방서,서초구,반포4동,37.49740376539021,126.99272858909924,48294
3110918,방배역 3번,서초구,방배1동,37.48208668385184,126.99357804332585,62846
3110919,내방역 8번,서초구,방배4동,37.490646327770875,126.99493421679534,88173
3110920,방배역 2번(백석예술대학교),서초구,방배3동,37.48047399158445,126.99621248371437,15874
3110874,원신초등학교(구세군관악영문교회),관악구,삼성동,37.46809189016672,126.9307281502625,110847
3110875,보라매동주민센터(당곡고등학교),관악구,보라매동,37.488915068375626,126.93220148830412,62226
3110876,서원동주민센터(신관중학교),관악구,서원동,37.479382566439355,126.9324927479113,59122
3111089,상일여고(상일초등학교),강동구,상일동,37.54811423179494,127.17135024456684,126943
3111090,강일동주민센터,강동구,강일동,37.565085473474284,127.17376605352426,29486
3111061,암사역 1번,강동구,암사1동,37.55185075538313,127.13119554025,175331
3111062,둔촌동역 3번(성내3동주민센터),강동구,성내3동,37.5243968073635,127.13163389250455,106811
3110889,봉천역 6번,관악구,은천동,37.48434470072742,126.94521951542806,42797
3110890,봉천역 1번(관악초등학교),관악구,청룡동,37.48009212372077,126.94561832862236,53715
3110891,구암초등학교,관악구,성현동,37.488373527251575,126.94814514042771,40509
3110957,언북중학교,강남구,논현2동,37.517690383667826,127.03163863224623,94815
3110958,역삼역 4번,강남구,역삼1동,37.5030758153511,127.032650312549,73119
3110959,신구중학교,강남구,압구정동,37.5254207967679,127.03234329010427,35960
3110960,은광여고,강남구,도곡1동,37.487460921214144,127.03422650536992,25543
3111014,송파나루역 2번,송파구,방이2동,37.5125425779649,127.11121961236134,72714
3111015,석촌역 3번,송파구,송파1동,37.50603667404324,127.11191117169507,226584
3111016,송파역 2번,송파구,송파2동,37.500681404240055,127.11534113261456,99527
3111038,보인중학교,송파구,오금동,37.49972782218089,127.13906576695737,83602
3111039,벌말어린이공원,송파구,오금동,37.50217000650291,127.13867447153532,63272
3110843,사당5동주민센터,동작구,사당5동,37.486317032647825,126.96715345813965,42412
3110844,흑석2치안센터,동작구,흑석동,37.505562885150574,126.96843434521958,25007
3111063,강동구립 천호도서관,강동구,천호3동,37.54009151114284,127.13228380422073,150522
3111064,둔촌동역 4번,강동구,성내3동,37.52761260530839,127.13232964353003,51128
3111065,천일초등학교,강동구,천호3동,37.54145908808072,127.13400613278739,62233
3110961,언주역 3번,강남구,논현2동,37.51091410642729,127.03424852226986,63031
3110962,도산공원북측,강남구,압구정동,37.525825459509036,127.03510380239632,10044
3110963,역삼월드메르디앙아파트,강남구,역삼1동,37.4925056925723,127.03711230427788,40391
3110964,싸리고개근린공원,강남구,도곡1동,37.49020795593002,127.03764261924843,21894
3110965,언주역 6번,강남구,역삼1동,37.506200754637085,127.0378429161328,65108
3111035,오금공원(오주중학교),송파구,오금동,37.502877446707714,127.13464963793048,95041
3110821,보라매역 2번,동작구,신대방2동,37.496919610156816,126.92335100919047,128484
3110822,신대방삼거리역 4번(대림초등학교),동작구,대방동,37.50191304446327,126.92627500021709,91041
3110866,난우중학교,관악구,난곡동,37.46920403931831,126.92250888426989,139406
3110845,사당종합체육관,동작구,사당3동,37.49087694684154,126.97022712492597,33058
3110846,남성역 1번,동작구,사당4동,37.48110151163349,126.97230002266343,212396
3110847,예술인마을,동작구,사당1동,37.47703794678495,126.9722449950684,104588
3110895,샤로수길,관악구,낙성대동,37.47637531474311,126.9561011279273,315417
3111066,암사동성당(효정하나플러스아파트),강동구,암사1동,37.54923425244234,127.1344048084421,106562
3111067,강동구립성내도서관,강동구,성내3동,37.531988464913475,127.13498479934741,203966
3111068,강동성심병원,강동구,길동,37.53591641659651,127.13534262472469,19646
3111069,천호1동주민센터,강동구,천호1동,37.544474825181176,127.13628598009838,110491
3111036,투구봉어린이공원,송파구,가락2동,37.4938376214479,127.13703070858396,31938
3110840,중앙대학교,동작구,흑석동,37.50801957342653,126.95854822113027,107472
3110867,국제신학대학원대학교(남서울중학교),관악구,신원동,37.48223349725714,126.92382957139145,95938
3110868,남부초등학교,관악구,신사동,37.48471089568093,126.9232504169453,87679
3110869,"신림역 5번(신림동주민센터, 신림동별빛거리)",관악구,신림동,37.48705494828831,126.92548680651547,194701
3110870,신림주공2단지(광신고등학교),관악구,삼성동,37.46344010028365,126.92647104105255,26565
3110896,관악우성아파트,관악구,행운동,37.48615171097216,126.95732785728279,23731
3110897,서울대입구역 8번,관악구,행운동,37.48164669784202,126.95740956273038,115911
3110974,언주중학교,강남구,삼성2동,37.5135955199018,127.04492734334141,35151
3110975,매봉역 1번,강남구,도곡1동,37.48700678702529,127.04504709957133,52363
3110976,언북초등학교,강남구,청담동,37.521794022013864,127.04654991056013,55724
3110977,논현로18길,강남구,개포4동,37.47742831770247,127.04696329450157,17288
3111070,천호초등학교,강동구,천호1동,37.547410762366354,127.13742293636366,59080
3111071,천동초등학교,강동구,길동,37.5402279504402,127.1390051712396,35500
3111072,굽은다리역 1번(십자성마을),강동구,천호1동,37.54295769170239,127.1392478634447,153254
3111073,둔촌동역 1번(한산중학교),강동구,둔촌2동,37.53115405950385,127.13970109005331,179874
3110841,중대부중,동작구,흑석동,37.50446222425493,126.96345856937822,60861
3110842,흑리단길,동작구,흑석동,37.507291849271816,126.96500666857686,29278
3110921,서울프랑스학교,서초구,반포4동,37.49743998201074,126.99665266148172,35625
3110922,내방역 1번,서초구,방배1동,37.486249479293164,126.99698106061803,62116
3110923,방배역 1번,서초구,방배3동,37.48045603193269,126.99979649171095,14707
3110924,반포4동주민센터(몽마르뜨공원),서초구,반포4동,37.49681833288997,127.00068981742254,75392
3110925,서초중학교,서초구,서초3동,37.486789916803126,127.00697640080861,71878
3110978,도곡2동주민센터(대치중학교),강남구,도곡2동,37.483663383777404,127.0467523734254,14234
3110979,청담초등학교,강남구,청담동,37.52733477902143,127.04757153112553,63403
3110980,개포지구대옆,강남구,개포4동,37.4805454368145,127.04789233962612,85828
3110981,국악고교사거리,강남구,개포4동,37.475598470393415,127.04892926875071,67409
3110982,강남구보훈회관,강남구,삼성2동,37.515026175047964,127.04976940660319,19865
3111040,거여초등학교,송파구,오금동,37.50320391428925,127.14057636913041,57097
3111074,명일역 1번,강동구,암사1동,37.55128181237798,127.14018000099055,49436
3111075,굽은다리역 2번,강동구,천호1동,37.548667873482714,127.14105777722531,87782
3111076,둔촌2동주민센터,강동구,둔촌2동,37.53356458912888,127.14316767622354,60068
3110892,관악구 중앙길,관악구,중앙동,37.484284219236116,126.95112160044752,259916
3110893,관악소방서(문영여고),관악구,청룡동,37.47440973712195,126.95254116974414,16048
3110894,관악동부센트레빌아파트(은천로35라길),관악구,성현동,37.48810542459207,126.95342577306633,30920
3110966,논현2동주민센터,강남구,논현2동,37.518652484450016,127.03830167448663,93545
3110967,역삼역 8번,강남구,역삼1동,37.504560823474804,127.03815875854602,68672
